Fund Name:,SPDR® Barclays High Yield Bond ETF,,,,,,,
Ticker Symbol:,JNK,,,,,,,
Holdings:,As of 02/10/2016,,,,,,,
Name,Identifier,Weight,Coupon,Market Value,Maturity,,,
FRONTIER COMMUNICATIONS 11 09/15/2025,US35906AAX63,0.605998,11.000,55394925.000000,9/15/2025,,,
NUMERICABLE-SFR SAS 6 05/15/2022,US67054LAB36,0.597682,6.000,54634733.333333,5/15/2022,,,
REYNOLDS GRP ISS/REYNOLD 5.75 10/15/2020,US761735AP42,0.595582,5.750,54442750.694444,10/15/2020,,,
Cash_USD,,0.588456,0,53791354.730024,,,,
FIRST DATA CORPORATION 7 12/01/2023,US319963BP82,0.561026,7.000,51283975.555556,12/1/2023,,,
HCA INC 6.5 02/15/2020,US404121AC95,0.531957,6.500,48626692.430556,2/15/2020,,,
VALEANT PHARMACEUTICALS 6.125 04/15/2025,US91831AAC53,0.523876,6.125,47888072.795139,4/15/2025,,,
SPRINT COMMUNICATIONS 9 11/15/2018,US852061AK63,0.507860,9.000,46423982.500000,11/15/2018,,,
TENET HEALTHCARE CORP 8.125 04/01/2022,US88033GCE89,0.487750,8.125,44585709.635417,4/1/2022,,,
SPRINT CORP 7.875 09/15/2023,US85207UAF21,0.480419,7.875,43915573.593750,9/15/2023,,,
VALEANT PHARMACEUTICALS 5.875 05/15/2023,US91831AAB70,0.479168,5.875,43801194.704861,5/15/2023,,,
CHS/COMMUNITY HEALTH SYS IN 6.875 02/01/2022,US12543DAV29,0.462029,6.875,42234559.375000,2/1/2022,,,
HCA INC 5.375 02/01/2025,US404119BR91,0.457108,5.375,41784664.187500,2/1/2025,,,
FAMILY TREE ESCROW LLC 5.75 03/01/2023,US30706VAA35,0.449222,5.750,41063798.479167,3/1/2023,,,
WIND ACQUISITION FIN SA 7.375 04/23/2021,US97314XAK00,0.443128,7.375,40506738.826389,4/23/2021,,,
NIELSEN FINANCE LLC/CO 5 04/15/2022,US65409QBB77,0.432659,5.000,39549797.916667,4/15/2022,,,
NUMERICABLE-SFR SAS 4.875 05/15/2019,US67054LAA52,0.422778,4.875,38646540.052083,5/15/2019,,,
CCOH SAFARI LLC 5.75 02/15/2026,US14987EAC12,0.407020,5.750,37206090.277778,2/15/2026,,,
SOFTBANK GROUP CORP 4.5 04/15/2020,US83404DAA72,0.401165,4.500,36670910.625000,4/15/2020,,,
AUDATEX NORTH AMERICA IN 6 06/15/2021,US05070GAE89,0.399837,6.000,36549552.500000,6/15/2021,,,
VALEANT PHARMACEUTICALS 6.375 10/15/2020,US91829KAA16,0.396496,6.375,36244070.052083,10/15/2020,,,
1011778 BC / NEW RED FIN 6 04/01/2022,US68245XAA72,0.387628,6.000,35433443.500000,4/1/2022,,,
ALTICE LUXEMBOURG SA 7.75 05/15/2022,US02154VAA98,0.380289,7.750,34762610.833333,5/15/2022,,,
ROYAL BK SCOTLND GRP PLC 6.125 12/15/2022,US780099CE50,0.377774,6.125,34532742.731667,12/15/2022,,,
FIRST DATA CORPORATION 5.75 01/15/2024,US32008DAB29,0.370982,5.750,33911875.000000,1/15/2024,,,
INTESA SANPAOLO SPA 5.017 06/26/2024,US46115HAT41,0.360943,5.017,32994195.238667,6/26/2024,,,
DISH DBS CORP 6.75 06/01/2021,US25470XAE58,0.358375,6.750,32759394.187500,6/1/2021,,,
ROYAL BK SCOTLND GRP PLC 5.125 05/28/2024,US780099CH81,0.353267,5.125,32292462.000000,5/28/2024,,,
NEPTUNE FINCO CORP 10.875 10/15/2025,US64072TAA34,0.348361,10.875,31844029.947917,10/15/2025,,,
ROYAL BK SCOTLND GRP PLC 6 12/19/2023,US780097AZ42,0.345062,6.000,31542428.960000,12/19/2023,,,
FRONTIER COMMUNICATIONS 10.5 09/15/2022,US35906AAU25,0.343478,10.500,31397671.875000,9/15/2022,,,
HCA INC 7.5 02/15/2022,US404121AD78,0.337743,7.500,30873421.041667,2/15/2022,,,
T-MOBILE USA INC 6.25 04/01/2021,US87264AAK16,0.331414,6.250,30294895.937500,4/1/2021,,,
ARGOS MERGER SUB INC 7.125 03/15/2023,US04021LAA89,0.330295,7.125,30192584.479167,3/15/2023,,,
AUDATEX NORTH AMERICA IN 6.125 11/01/2023,US05070GAG38,0.329656,6.125,30134172.187500,11/1/2023,,,
T-MOBILE USA INC 6.5 01/15/2026,US87264AAP03,0.328139,6.500,29995537.500000,1/15/2026,,,
SABINE PASS LIQUEFACTION 5.625 03/01/2025,US785592AM87,0.327104,5.625,29900902.500000,3/1/2025,,,
T-MOBILE USA INC 6.625 04/01/2023,US87264AAL98,0.326089,6.625,29808154.937500,4/1/2023,,,
DYNEGY INC 6.75 11/01/2019,US26817RAM07,0.325610,6.750,29764304.182500,11/1/2019,,,
ALTICE FINANCING SA 6.625 02/15/2023,US02154CAD56,0.325474,6.625,29751877.541667,2/15/2023,,,
DISH DBS CORP 5.875 07/15/2022,US25470XAJ46,0.325029,5.875,29711195.442500,7/15/2022,,,
NEPTUNE FINCO CORP 10.125 01/15/2023,US64072TAE55,0.324468,10.125,29659985.000000,1/15/2023,,,
CCO HLDGS LLC/CAP CORP 5.875 04/01/2024,US1248EPBP70,0.317628,5.875,29034703.750000,4/1/2024,,,
FMG RESOURCES AUG 2006 9.75 03/01/2022,US30251GAS66,0.313129,9.750,28623469.000000,3/1/2022,,,
DISH DBS CORP 5.875 11/15/2024,US25470XAW56,0.308008,5.875,28155341.909722,11/15/2024,,,
CLEAR CHANNEL WORLDWIDE 6.5 11/15/2022,US18451QAM06,0.306135,6.500,27984158.125000,11/15/2022,,,
CHS/COMMUNITY HEALTH SYS IN 8 11/15/2019,US12543DAL47,0.301665,8.000,27575481.944444,11/15/2019,,,
ENEL SPA 8.75 09/24/2073,US29265WAA62,0.300270,8.750,27448008.333333,9/24/2073,,,
WIND ACQUISITION FIN SA 4.75 07/15/2020,US97314XAM65,0.290897,4.750,26591217.270000,7/15/2020,,,
CIT GROUP INC 4.25 08/15/2017,US125581GP72,0.286521,4.250,26191191.979167,8/15/2017,,,
DAVITA HEALTHCARE PARTNE 5 05/01/2025,US23918KAR95,0.286148,5.000,26157093.750000,5/1/2025,,,
TENET HEALTHCARE CORP 6.75 06/15/2023,US88033GCN88,0.285310,6.750,26080447.500000,6/15/2023,,,
TELECOM ITALIA SPA 5.303 05/30/2024,US87927YAA01,0.285028,5.303,26054672.500556,5/30/2024,,,
TENET HEALTHCARE CORP 6 10/01/2020,US87243QAB23,0.284798,6.000,26033694.240000,10/1/2020,,,
DAVITA HEALTHCARE PARTNE 5.125 07/15/2024,US23918KAQ13,0.279893,5.125,25585320.989583,7/15/2024,,,
CIT GROUP INC 5.5 02/15/2019,US125581GH56,0.279390,5.500,25539315.833333,2/15/2019,,,
ENDO LTD/FIN LLC/FINCO 6 07/15/2023,US29273EAC21,0.278204,6.000,25430946.666667,7/15/2023,,,
KINETIC CONCEPT/KCI USA 10.5 11/01/2018,US49461BAB09,0.275589,10.500,25191873.875000,11/1/2018,,,
SPRINT CORP 7.125 06/15/2024,US85207UAH86,0.273017,7.125,24956719.010417,6/15/2024,,,
SABINE PASS LIQUEFACTION 5.75 05/15/2024,US785592AJ58,0.271444,5.750,24812955.902778,5/15/2024,,,
WYNN LAS VEGAS LLC/CORP 5.5 03/01/2025,US983130AV78,0.271212,5.500,24791808.333333,3/1/2025,,,
DEUTSCHE BANK AG 4.296 05/24/2028,US251525AM33,0.270428,4.296,24720078.133333,5/24/2028,,,
CLEAR CHANNEL WORLDWIDE 7.625 03/15/2020,US18451QAH11,0.269543,7.625,24639166.024306,3/15/2020,,,
CIT GROUP INC 5.25 03/15/2018,US125581GL68,0.266350,5.250,24347334.375000,3/15/2018,,,
SIRIUS XM RADIO INC 6 07/15/2024,US82967NAS71,0.266283,6.000,24341240.000000,7/15/2024,,,
RITE AID CORP 6.125 04/01/2023,US767754CH50,0.263817,6.125,24115762.569444,4/1/2023,,,
SCIENTIFIC GAMES INTERNA 10 12/01/2022,US80874YAU47,0.257509,10.000,23539203.333333,12/1/2022,,,
DEUTSCHE BANK AG 4.5 04/01/2025,US251525AP63,0.256350,4.500,23433209.100000,4/1/2025,,,
ALLY FINANCIAL INC 5.5 02/15/2017,US02005NAL47,0.249755,5.500,22830322.569444,2/15/2017,,,
CENTURYLINK INC 5.8 03/15/2022,US156700AS50,0.249497,5.800,22806784.352222,3/15/2022,,,
NRG ENERGY INC 7.875 05/15/2021,US629377BS08,0.248957,7.875,22757383.593750,5/15/2021,,,
INFOR US INC 6.5 05/15/2022,US45672NAD30,0.247742,6.500,22646308.819444,5/15/2022,,,
ACTIVISION BLIZZARD 5.625 09/15/2021,US00507VAC37,0.247399,5.625,22614968.327500,9/15/2021,,,
CEQUEL COM HLDG I/CAP CP 6.375 09/15/2020,US15672JAA16,0.246857,6.375,22565459.583333,9/15/2020,,,
HERTZ CORP 6.75 04/15/2019,US428040CJ69,0.246704,6.750,22551495.000000,4/15/2019,,,
DYNEGY INC 7.375 11/01/2022,US26817RAN89,0.243726,7.375,22279200.000000,11/1/2022,,,
UNIVISION COMMUNICATIONS 5.125 02/15/2025,US914906AS13,0.242438,5.125,22161515.920139,2/15/2025,,,
TELESAT CANADA/TELESAT L 6 05/15/2017,US87952VAJ52,0.240386,6.000,21973949.166667,5/15/2017,,,
NUMERICABLE-SFR SAS 6.25 05/15/2024,US67054LAC19,0.240284,6.250,21964595.312500,5/15/2024,,,
CASE NEW HOLLAND INDUSTR 7.875 12/01/2017,US147446AR91,0.238648,7.875,21815092.250000,12/1/2017,,,
SCHAEFFLER HLDG FIN BV 6.875 08/15/2018,US80626PAA84,0.238366,6.875,21789307.062500,8/15/2018,,,
ICAHN ENTERPRISES/FIN 6 08/01/2020,US451102AX52,0.237665,6.000,21725162.000000,8/1/2020,,,
SABINE PASS LIQUEFACTION 5.625 02/01/2021,US785592AE61,0.236789,5.625,21645126.562500,2/1/2021,,,
NAVIENT CORP 6 01/25/2017,US78442FEM68,0.234805,6.000,21463805.000000,1/25/2017,,,
L BRANDS INC 6.625 04/01/2021,US532716AT46,0.234625,6.625,21447356.552083,4/1/2021,,,
ARCELORMITTAL 5.5 02/25/2017,US03938LAW46,0.234331,5.500,21420457.500000,2/25/2017,,,
ALTICE US FINANCE I CORP 5.375 07/15/2023,US02155FAA30,0.232477,5.375,21250972.482639,7/15/2023,,,
HUB INTERNATIONAL LTD 7.875 10/01/2021,US43414TAA43,0.230207,7.875,21043492.156250,10/1/2021,,,
ZF NA CAPITAL 4.75 04/29/2025,US98877DAC92,0.229173,4.750,20948896.077778,4/29/2025,,,
COMMSCOPE TECH FINANCE L 6 06/15/2025,US20337YAA55,0.228614,6.000,20897802.500000,6/15/2025,,,
CONCHO RESOURCES INC 5.5 04/01/2023,US20605PAE16,0.227572,5.500,20802553.625000,4/1/2023,,,
INTESA SANPAOLO SPA 5.71 01/15/2026,US46115HAW79,0.226353,5.710,20691149.055556,1/15/2026,,,
U.S. FOODSERVICE 8.5 06/30/2019,US90290MAA99,0.225701,8.500,20631523.333333,6/30/2019,,,
EQUINIX INC 5.875 01/15/2026,US29444UAQ94,0.224376,5.875,20510426.041667,1/15/2026,,,
DAVITA HEALTHCARE PARTNE 5.75 08/15/2022,US23918KAP30,0.224215,5.750,20495692.256944,8/15/2022,,,
INTL LEASE FINANCE CORP 6.25 05/15/2019,US459745GH29,0.224144,6.250,20489222.256944,5/15/2019,,,
UNITED RENTALS NORTH AM 7.625 04/15/2022,US911365AZ71,0.223421,7.625,20423171.579861,4/15/2022,,,
HD SUPPLY INC 11.5 07/15/2020,US40415RAK14,0.221488,11.500,20246406.875000,7/15/2020,,,
XPO LOGISTICS INC 6.5 06/15/2022,US983793AD29,0.219688,6.500,20081895.763889,6/15/2022,,,
FIAT CHRYSLER AUTOMOBILE 4.5 04/15/2020,US31562QAC15,0.217579,4.500,19889086.140000,4/15/2020,,,
ALTICE LUXEMBOURG SA 7.625 02/15/2025,US02154VAB71,0.217396,7.625,19872388.364583,2/15/2025,,,
FIAT CHRYSLER AUTOMOBILE 5.25 04/15/2023,US31562QAF46,0.216391,5.250,19780540.541667,4/15/2023,,,
MGM RESORTS INTL 6.625 12/15/2021,US552953CA78,0.215312,6.625,19681882.378472,12/15/2021,,,
CENTENE ESCROW CORP 5.625 02/15/2021,US15135BAE11,0.214601,5.625,19616905.000000,2/15/2021,,,
POST HOLDINGS INC 7.375 02/15/2022,US737446AB06,0.210849,7.375,19273892.204861,2/15/2022,,,
NRG ENERGY INC 6.25 07/15/2022,US629377BW10,0.210815,6.250,19270799.166667,7/15/2022,,,
MGM RESORTS INTL 6 03/15/2023,US552953CC35,0.208653,6.000,19073181.250000,3/15/2023,,,
TRANSDIGM INC 6.5 07/15/2024,US893647AX57,0.207892,6.500,19003578.680556,7/15/2024,,,
CALPINE CORP 5.75 01/15/2025,US131347CF14,0.204796,5.750,18720644.270833,1/15/2025,,,
INTERNATIONAL GAME TECH 6.25 02/15/2022,US460599AB91,0.204251,6.250,18670785.381944,2/15/2022,,,
HD SUPPLY INC 7.5 07/15/2020,US40415RAP01,0.204002,7.500,18648065.916667,7/15/2020,,,
REYNOLDS GRP ISS/REYNOLD 9.875 08/15/2019,US761735AH26,0.202880,9.875,18545506.041667,8/15/2019,,,
1011778 BC / NEW RED FIN 4.625 01/15/2022,US68245XAB55,0.201879,4.625,18453941.649306,1/15/2022,,,
HD SUPPLY INC 5.25 12/15/2021,US40415RAQ83,0.200675,5.250,18343861.979167,12/15/2021,,,
HILTON WORLDWIDE FIN LLC 5.625 10/15/2021,US432891AD10,0.197849,5.625,18085619.651250,10/15/2021,,,
CCO HLDGS LLC/CAP CORP 5.25 09/30/2022,US1248EPAY96,0.197254,5.250,18031221.041667,9/30/2022,,,
CHS/COMMUNITY HEALTH SYS IN 5.125 08/15/2018,US12543DAR17,0.194861,5.125,17812486.054306,8/15/2018,,,
INTELSAT JACKSON HLDG 5.5 08/01/2023,US45824TAP03,0.191181,5.500,17476044.375000,8/1/2023,,,
BUILDING MATERIALS CORP 6 10/15/2025,US120111BN87,0.190998,6.000,17459291.666667,10/15/2025,,,
CRIMSON MERGER SUB INC 6.625 05/15/2022,US22663AAA79,0.190544,6.625,17417844.270833,5/15/2022,,,
REYNOLDS GRP ISS/REYNOLD 8.25 02/15/2021,US761735AF69,0.189760,8.250,17346182.291667,2/15/2021,,,
INTERNATIONAL GAME TECH 6.5 02/15/2025,US460599AC74,0.186752,6.500,17071225.694444,2/15/2025,,,
UNIVISION COMMUNICATIONS 6.75 09/15/2022,US914906AP73,0.186455,6.750,17044076.562500,9/15/2022,,,
AECOM 5.875 10/15/2024,US00766TAD28,0.185745,5.875,16979178.993056,10/15/2024,,,
ASHLAND INC 4.75 08/15/2022,US044209AF18,0.185642,4.750,16969748.020833,8/15/2022,,,
CONSTELLATION BRANDS INC 4.25 05/01/2023,US21036PAL22,0.185163,4.250,16925970.125000,5/1/2023,,,
L BRANDS INC 6.875 11/01/2035,US501797AK00,0.184832,6.875,16895720.833333,11/1/2035,,,
FRONTIER COMMUNICATIONS 8.875 09/15/2020,US35906AAR95,0.184360,8.875,16852554.687500,9/15/2020,,,
AERCAP IRELAND CAP LTD/A 3.75 05/15/2019,US00772BAD38,0.184269,3.750,16844257.291667,5/15/2019,,,
DYNEGY INC 7.625 11/01/2024,US26817RAP38,0.183753,7.625,16797057.593750,11/1/2024,,,
NORTEK INC 8.5 04/15/2021,US656559BQ37,0.183539,8.500,16777482.430556,4/15/2021,,,
ICAHN ENTERPRISES/FIN 4.875 03/15/2019,US451102BB24,0.182170,4.875,16652366.104167,3/15/2019,,,
IHEARTCOMMUNICATIONS INC 9 12/15/2019,US184502BL58,0.182158,9.000,16651223.750000,12/15/2019,,,
ARAMARK SERVICES INC 5.75 03/15/2020,US038521AM20,0.180824,5.750,16529341.840278,3/15/2020,,,
ARDAGH FINANCE HOLDINGS 8.625 06/15/2019,US03969LAA44,0.180209,8.625,16473054.206354,6/15/2019,,,
NAVIOS MARITIME ACQ CORP 8.125 11/15/2021,US63938MAD83,0.179185,8.125,16379514.496528,11/15/2021,,,
TIME INC 5.75 04/15/2022,US887228AA20,0.179039,5.750,16366159.965278,4/15/2022,,,
ARCELORMITTAL 6.25 03/01/2021,US03938LAU89,0.178480,6.250,16315080.104167,3/1/2021,,,
CENTURYLINK INC 6.45 06/15/2021,US156700AR77,0.178088,6.450,16279168.229167,6/15/2021,,,
GRIFOLS WORLDWIDE OP LTD 5.25 04/01/2022,US398435AC17,0.177691,5.250,16242954.000000,4/1/2022,,,
MPH ACQUISITION HOLDINGS 6.625 04/01/2022,US553331AA71,0.175844,6.625,16074071.981667,4/1/2022,,,
RITE AID CORP 9.25 03/15/2020,US767754CD47,0.175089,9.250,16005071.875000,3/15/2020,,,
SMITHFIELD FOODS INC 6.625 08/15/2022,US832248AV01,0.174557,6.625,15956441.423611,8/15/2022,,,
ICAHN ENTERPRISES/FIN 5.875 02/01/2022,US451102BF38,0.173531,5.875,15862605.718750,2/1/2022,,,
INTELSAT JACKSON HLDG 7.25 04/01/2019,US45824TAE55,0.173087,7.250,15822042.316667,4/1/2019,,,
HUGHES SATELLITE SYSTEMS 6.5 06/15/2019,US444454AB81,0.172134,6.500,15734959.305556,6/15/2019,,,
VEREIT OPERATING PARTNER 2 02/06/2017,US03879QAB05,0.172113,2.000,15733062.583333,2/6/2017,,,
CENTENE ESCROW CORP 6.125 02/15/2024,US15135BAG68,0.172001,6.125,15722805.000000,2/15/2024,,,
SERVICE CORP INTL 5.375 05/15/2024,US817565CB82,0.171820,5.375,15706240.885417,5/15/2024,,,
MGM RESORTS INTL 7.75 03/15/2022,US552953BX80,0.171700,7.750,15695307.291667,3/15/2022,,,
ALLY FINANCIAL INC 3.6 05/21/2018,US02005NBB55,0.171118,3.600,15642026.400000,5/21/2018,,,
AMERICAN TIRE DISTRIBUTORS 10.25 03/01/2022,US00214TAA60,0.170833,10.250,15616004.583333,3/1/2022,,,
STEEL DYNAMICS INC 5.125 10/01/2021,US858119BC38,0.170156,5.125,15554143.177083,10/1/2021,,,
CSC HOLDINGS LLC 6.75 11/15/2021,US126307AF48,0.169725,6.750,15514712.500000,11/15/2021,,,
IHEARTCOMMUNICATIONS INC 9 03/01/2021,US184502BG63,0.169155,9.000,15462656.000000,3/1/2021,,,
APX GROUP INC 6.375 12/01/2019,US00213MAB00,0.168517,6.375,15404334.343750,12/1/2019,,,
GIBSON ENERGY INC 6.75 07/15/2021,US374825AA59,0.168366,6.750,15390498.750000,7/15/2021,,,
ZF NA CAPITAL 4.5 04/29/2022,US98877DAB10,0.168217,4.500,15376895.750000,4/29/2022,,,
ALLY FINANCIAL INC 2.75 01/30/2017,US02005NAS99,0.167781,2.750,15337056.805556,1/30/2017,,,
FIRSTENERGY CORP 4.25 03/15/2023,US337932AF44,0.166981,4.250,15263939.047500,3/15/2023,,,
SIRIUS XM RADIO INC 5.375 04/15/2025,US82967NAU28,0.166978,5.375,15263624.687500,4/15/2025,,,
BALL CORP 5.25 07/01/2025,US058498AT38,0.166735,5.250,15241378.717500,7/1/2025,,,
GOODYEAR TIRE & RUBBER 6.5 03/01/2021,US382550BD26,0.166416,6.500,15212229.541667,3/1/2021,,,
ALCOA INC 5.125 10/01/2024,US013817AW16,0.166037,5.125,15177629.104167,10/1/2024,,,
ALCOA INC 5.4 04/15/2021,US013817AV33,0.165798,5.400,15155721.750000,4/15/2021,,,
ZAYO GROUP LLC/ZAYO CAP 6 04/01/2023,US989194AM79,0.165482,6.000,15126878.000000,4/1/2023,,,
LEVEL 3 FINANCING INC 5.375 08/15/2022,US527298BD49,0.165391,5.375,15118543.020833,8/15/2022,,,
ARCELORMITTAL 7.25 02/25/2022,US03938LAX29,0.164647,7.250,15050553.645833,2/25/2022,,,
AERCAP IRELAND CAP LTD/A 4.5 05/15/2021,US00772BAF85,0.163791,4.500,14972343.750000,5/15/2021,,,
TALEN ENERGY SUPPLY LLC 4.625 07/15/2019,US74966NAA46,0.163761,4.625,14969527.239583,7/15/2019,,,
HUGHES SATELLITE SYSTEMS 7.625 06/15/2021,US444454AA09,0.162361,7.625,14841610.677083,6/15/2021,,,
HARBINGER GROUP INC 7.75 ,US41146AAH95,0.162313,7.750,14837190.277778,,,,
WELLCARE HEALTH PLANS IN 5.75 11/15/2020,US94946TAB26,0.162166,5.750,14823725.590278,11/15/2020,,,
CAESARS ENT RESORT PROP 11 10/01/2021,US12768XAB01,0.161460,11.000,14759249.916667,10/1/2021,,,
JAGUAR HL / PPDI 6.375 08/01/2023,US47010DAA81,0.160837,6.375,14702308.553750,8/1/2023,,,
PINNACLE ENTERTAINMENT I 7.5 04/15/2021,US03070QAN16,0.160593,7.500,14679968.750000,4/15/2021,,,
CAPSUGEL SA 7 05/15/2019,US14070HAA68,0.159871,7.000,14613945.037778,5/15/2019,,,
UNITYMEDIA HESSEN / NRW 5.5 01/15/2023,US913364AB19,0.159564,5.500,14585950.902778,1/15/2023,,,
GOODYEAR TIRE & RUBBER 5.125 11/15/2023,US382550BE09,0.158460,5.125,14484945.225694,11/15/2023,,,
L BRANDS INC 5.625 02/15/2022,US532716AU19,0.158294,5.625,14469853.593750,2/15/2022,,,
MDC PARTNERS INC 6.75 04/01/2020,US552697AN43,0.158208,6.750,14461920.125000,4/1/2020,,,
HEXION INC 6.625 04/15/2020,US428302AA14,0.157786,6.625,14423402.934028,4/15/2020,,,
UNIVISION COMMUNICATIONS 5.125 05/15/2023,US914906AR30,0.156196,5.125,14278028.159722,5/15/2023,,,
SABLE INTL FINANCE LTD 6.875 08/01/2022,USG77636AB74,0.155820,6.875,14243667.187500,8/1/2022,,,
CAESARS ENT RESORT PROP 8 10/01/2020,US12768XAA28,0.155768,8.000,14238910.500000,10/1/2020,,,
UNITED RENTALS NORTH AM 4.625 07/15/2023,US911365BC77,0.155113,4.625,14179025.607639,7/15/2023,,,
ENDO LTD/FIN LLC/FINCO 6 02/01/2025,US29273EAA64,0.155100,6.000,14177814.600000,2/1/2025,,,
ALTICE FINANCING SA 6.5 01/15/2022,US02154CAC73,0.155030,6.500,14171426.597222,1/15/2022,,,
MICRON TECHNOLOGY INC 5.5 02/01/2025,US595112BC66,0.154820,5.500,14152259.875000,2/1/2025,,,
PUMA INTL FINANCING 6.75 02/01/2021,XS1022807256,0.154124,6.750,14088674.625000,2/1/2021,,,
QUINTILES TRANSNATIONAL 4.875 05/15/2023,US748767AF75,0.153980,4.875,14075510.833333,5/15/2023,,,
JLL/DELTA DUTCH PLEDGECO 8.75 05/01/2020,US46621GAA40,0.153351,8.750,14018005.937500,5/1/2020,,,
VIRGIN MEDIA SECURED FIN 5.25 01/15/2026,US92769XAL91,0.153096,5.250,13994635.416667,1/15/2026,,,
IRON MOUNTAIN INC 5.75 08/15/2024,US46284PAP99,0.151858,5.750,13881503.819444,8/15/2024,,,
CLEAN HARBORS INC 5.25 08/01/2020,US184496AJ69,0.151811,5.250,13877189.937500,8/1/2020,,,
CONSOL ENERGY INC 5.875 04/15/2022,US20854PAL31,0.151704,5.875,13867437.829861,4/15/2022,,,
TREEHOUSE FOODS INC 6 02/15/2024,US89469AAC80,0.151704,6.000,13867384.166667,2/15/2024,,,
FRESENIUS MED CARE II 5.625 07/31/2019,US35802XAD57,0.151502,5.625,13848961.875000,7/31/2019,,,
OUTFRONT MEDIA CAP LLC/C 5.25 02/15/2022,US12505FAB76,0.151234,5.250,13824464.062500,2/15/2022,,,
SPECTRUM BRANDS INC 5.75 07/15/2025,US84762LAT26,0.150926,5.750,13796258.437500,7/15/2025,,,
INTERGEN NV 7 06/30/2023,US45867XAG97,0.150117,7.000,13722372.222222,6/30/2023,,,
NAVIENT CORP 5.5 01/15/2019,US78442FER55,0.149782,5.500,13691742.777778,1/15/2019,,,
FMG RESOURCES AUG 2006 8.25 11/01/2019,US30251GAH02,0.149738,8.250,13687717.119761,11/1/2019,,,
VIRGIN MEDIA SECURED FIN 5.375 04/15/2021,US55181WAA27,0.148978,5.375,13618223.281250,4/15/2021,,,
ZEBRA TECHNOLOGIES CORP 7.25 10/15/2022,US989207AC92,0.148865,7.250,13607876.770833,10/15/2022,,,
UNITED RENTALS NORTH AM 6.125 06/15/2023,US911365AX24,0.148775,6.125,13599631.886944,6/15/2023,,,
ENERGIZER HOLDINGS INC 4.7 05/24/2022,US29266RAC25,0.148595,4.700,13583182.238889,5/24/2022,,,
QUICKEN LOANS INC 5.75 05/01/2025,US74840LAA08,0.148156,5.750,13543078.500000,5/1/2025,,,
CONCORDIA HEALTHCARE 9.5 10/21/2022,US206519AB61,0.148028,9.500,13531410.763889,10/21/2022,,,
MILLICOM INTL CELLULAR 6.625 10/15/2021,US600814AL16,0.147678,6.625,13499385.093056,10/15/2021,,,
INGLES MARKETS INC 5.75 06/15/2023,US457030AJ39,0.146172,5.750,13361742.013889,6/15/2023,,,
AES CORP/VA 7.375 07/01/2021,US00130HBS31,0.146046,7.375,13350189.718750,7/1/2021,,,
NCR CORP 5 07/15/2022,US62886EAJ73,0.145988,5.000,13344868.055556,7/15/2022,,,
ALBERTSONS HDGS/SAFEWAY 7.75 10/15/2022,US013094AA57,0.145979,7.750,13344071.736111,10/15/2022,,,
FAMILY TREE ESCROW LLC 5.25 03/01/2020,US30706VAC90,0.145730,5.250,13321299.902500,3/1/2020,,,
MSCI INC 5.25 11/15/2024,US55354GAA85,0.145717,5.250,13320162.500000,11/15/2024,,,
DJO FINCO INC/DJO FINANC 8.125 06/15/2021,US23291AAA51,0.145694,8.125,13318042.777778,6/15/2021,,,
CHEMOURS CO 6.625 05/15/2023,US163851AA61,0.145582,6.625,13307820.798611,5/15/2023,,,
CONVATEC FINANCE INTL SA 8.25 01/15/2019,US21244VAA17,0.145486,8.250,13299010.416667,1/15/2019,,,
ADT CORP 6.25 10/15/2021,US00101JAK25,0.145373,6.250,13288707.590278,10/15/2021,,,
BOMBARDIER INC 6.125 01/15/2023,US097751BF74,0.145127,6.125,13266191.163194,1/15/2023,,,
EQUINIX INC 5.375 04/01/2023,US29444UAM80,0.144341,5.375,13194341.458333,4/1/2023,,,
POST HOLDINGS INC 6.75 12/01/2021,US737446AE45,0.144093,6.750,13171694.187500,12/1/2021,,,
CDW LLC/CDW FINANCE 6 08/15/2022,US12513GAZ28,0.143913,6.000,13155200.000000,8/15/2022,,,
RITE AID CORP 6.75 06/15/2021,US767754CG77,0.143616,6.750,13128042.812500,6/15/2021,,,
KONINKLIJKE KPN NV 7 03/28/2073,US50048VAA89,0.143470,7.000,13114768.333333,3/28/2073,,,
OPAL ACQUISITION INC 8.875 12/15/2021,US68347TAA34,0.143015,8.875,13073147.569444,12/15/2021,,,
BMC SOFTWARE FINANCE INC 8.125 07/15/2021,US05578MAA09,0.143001,8.125,13071860.277778,7/15/2021,,,
IRON MOUNTAIN INC 6 08/15/2023,US46284PAQ72,0.142893,6.000,13062009.166667,8/15/2023,,,
SERTA SIMMONS BEDDING LL 8.125 10/01/2020,US81753FAA30,0.142549,8.125,13030550.000000,10/1/2020,,,
NATIONAL FINANCIAL PARTNERS 9 07/15/2021,US63607TAA97,0.142194,9.000,12998081.250000,7/15/2021,,,
HARLAND CLARKE HOLDINGS 9.25 03/01/2021,US412690AE97,0.141926,9.250,12973599.583333,3/1/2021,,,
NETFLIX INC 5.875 02/15/2025,US64110LAL09,0.141796,5.875,12961696.111111,2/15/2025,,,
MICRON TECHNOLOGY INC 5.25 08/01/2023,US595112BD40,0.141013,5.250,12890168.625000,8/1/2023,,,
ENDO FIN LLC/ENDO FINCO 5.875 01/15/2023,US29271LAE48,0.139927,5.875,12790878.953611,1/15/2023,,,
UNITYMEDIA GMBH 6.125 01/15/2025,US91337DAB01,0.139805,6.125,12779728.576389,1/15/2025,,,
CHESAPEAKE ENERGY CORP 8 12/15/2022,US165167CQ81,0.139431,8.000,12745545.947778,12/15/2022,,,
BOMBARDIER INC 7.5 03/15/2025,US097751BM26,0.139429,7.500,12745321.875000,3/15/2025,,,
ROYAL CARIBBEAN CRUISES 5.25 11/15/2022,US780153AU63,0.139340,5.250,12737179.583333,11/15/2022,,,
REXEL SA 5.25 06/15/2020,US761679AC37,0.138800,5.250,12687872.166667,6/15/2020,,,
DPL INC 7.25 10/15/2021,US256882AD30,0.138651,7.250,12674218.784722,10/15/2021,,,
TAYLOR MORRISON COMM/MON 5.25 04/15/2021,US877249AC65,0.138038,5.250,12618164.375000,4/15/2021,,,
CENTURYLINK INC 5.625 04/01/2020,US156700AW62,0.138025,5.625,12617016.232500,4/1/2020,,,
INVENTIV HEALTH INC 9 01/15/2018,US46122EAF25,0.137946,9.000,12609805.000000,1/15/2018,,,
INMARSAT FINANCE PLC 4.875 05/15/2022,US45763PAE60,0.137629,4.875,12580790.260417,5/15/2022,,,
NUANCE COMMUNICATIONS 5.375 08/15/2020,US67020YAD22,0.137366,5.375,12556734.114583,8/15/2020,,,
WILLIAMS COMPANIES INC 4.55 06/24/2024,US969457BW96,0.137131,4.550,12535277.777778,6/24/2024,,,
PETCO HOLDINGS INC 8.5 10/15/2017,US71601UAA51,0.136926,8.500,12516568.041667,10/15/2017,,,
NISKA GAS STORAGE CAN/FI 6.5 04/01/2019,US654677AB94,0.136557,6.500,12482824.041667,4/1/2019,,,
TARGA RESOURCES PARTNERS 5 01/15/2018,US87612BAT98,0.135899,5.000,12422622.222222,1/15/2018,,,
ENERGY TRANSFER EQUITY LP 5.875 01/15/2024,US29273VAD29,0.135675,5.875,12402163.964306,1/15/2024,,,
K HOVNANIAN ENTERPRISES 7.25 10/15/2020,US442488BR29,0.135535,7.250,12389408.541667,10/15/2020,,,
HOLOGIC INC 5.25 07/15/2022,US436440AH47,0.135441,5.250,12380781.250000,7/15/2022,,,
TRIBUNE MEDIA CO 5.875 07/15/2022,US896047AG24,0.135356,5.875,12373069.531250,7/15/2022,,,
SIRIUS XM RADIO INC 5.875 10/01/2020,US82967NAQ16,0.135247,5.875,12363033.260417,10/1/2020,,,
LEVEL 3 FINANCING INC 5.375 05/01/2025,US527298BH52,0.134885,5.375,12329937.041667,5/1/2025,,,
MICHAELS STORES INC 5.875 12/15/2020,US594087AT54,0.134876,5.875,12329126.180556,12/15/2020,,,
XPO LOGISTICS INC 7.875 09/01/2019,US983793AB62,0.134300,7.875,12276528.198750,9/1/2019,,,
BOYD GAMING CORP 6.875 05/15/2023,US103304BK67,0.134203,6.875,12267620.312500,5/15/2023,,,
RSI HOME PRODUCTS INC 6.5 03/15/2023,US74977XAB73,0.133865,6.500,12236710.416667,3/15/2023,,,
UPCB FINANCE IV LTD 5.375 01/15/2025,US90320MAA36,0.133688,5.375,12220562.239583,1/15/2025,,,
RACKSPACE HOSTIN 6.5 01/15/2024,US750086AA88,0.133432,6.500,12197171.875000,1/15/2024,,,
INTELSAT JACKSON HLDG 7.25 10/15/2020,US45824TAC99,0.133134,7.250,12169889.062500,10/15/2020,,,
NXP BV/NXP FUNDING LLC 3.75 06/01/2018,US62947QAQ10,0.133034,3.750,12160781.875000,6/1/2018,,,
CALPINE CORP 5.375 01/15/2023,US131347CE49,0.132931,5.375,12151329.600694,1/15/2023,,,
CALPINE CORP 6 01/15/2022,US131347CA27,0.132852,6.000,12144166.666667,1/15/2022,,,
NCL CORP LTD 5.25 11/15/2019,US62886HAL50,0.132753,5.250,12135122.083333,11/15/2019,,,
ACOSTA INC 7.75 10/01/2022,US035659AA99,0.131892,7.750,12056359.625000,10/1/2022,,,
ISLE OF CAPRI CASINOS 5.875 03/15/2021,US464592AQ77,0.131680,5.875,12037007.899306,3/15/2021,,,
ANTERO RESOURCES CORP 5.375 11/01/2021,US03674PAL76,0.131640,5.375,12033349.375000,11/1/2021,,,
CALUMET SPECIALTY PROD 6.5 04/15/2021,US131477AN18,0.131562,6.500,12026216.666667,4/15/2021,,,
POST HOLDINGS INC 7.75 03/15/2024,US737446AH75,0.130684,7.750,11945981.111111,3/15/2024,,,
BALL CORP 4.375 12/15/2020,US058498AU01,0.130471,4.375,11926495.744444,12/15/2020,,,
ALGECO SCOTSMAN GLOB FIN 8.5 10/15/2018,US01551UAA25,0.130392,8.500,11919252.708333,10/15/2018,,,
ONEMAIN FIN HOLDINGS INC 6.75 12/15/2019,US68268DAA37,0.130247,6.750,11906029.375000,12/15/2019,,,
SCIENTIFIC GAMES INTERNA 7 01/01/2022,US80874YAR18,0.130243,7.000,11905643.750000,1/1/2022,,,
FRESENIUS MED CARE US 5.75 02/15/2021,US35803QAA58,0.130074,5.750,11890235.138889,2/15/2021,,,
WEST CORP 5.375 07/15/2022,US952355AN55,0.129958,5.375,11879572.881944,7/15/2022,,,
PILGRIM'S PRIDE CORP 5.75 03/15/2025,US72147KAC27,0.129892,5.750,11873521.770833,3/15/2025,,,
EXAMWORKS GROUP INC 5.625 04/15/2023,US30066AAD72,0.129891,5.625,11873458.906250,4/15/2023,,,
KLX INC 5.875 12/01/2022,US482539AA16,0.128710,5.875,11765536.958333,12/1/2022,,,
BELDEN INC 5.5 09/01/2022,US077454AF36,0.128682,5.500,11762965.000000,9/1/2022,,,
BOMBARDIER INC 6 10/15/2022,US097751BJ96,0.128278,6.000,11726029.166667,10/15/2022,,,
SBA COMMUNICATIONS CORP 4.875 07/15/2022,US78388JAT34,0.128152,4.875,11714524.739583,7/15/2022,,,
MALLINCKRODT FIN/SB 5.75 08/01/2022,US561233AA57,0.127963,5.750,11697230.625000,8/1/2022,,,
MCGRAW-HILL GLOBAL ED 9.75 04/01/2021,US580638AB08,0.127959,9.750,11696861.875000,4/1/2021,,,
WIDEOPENWEST FIN/CAPITAL 10.25 07/15/2019,US96758GAB23,0.127803,10.250,11682614.618056,7/15/2019,,,
USI INC/NY 7.75 01/15/2021,US68276CAA53,0.127558,7.750,11660171.944444,1/15/2021,,,
IRON MOUNTAIN INC 6 10/01/2020,US46284VAA98,0.127078,6.000,11616326.600000,10/1/2020,,,
SIX FLAGS ENTERTAINMENT 5.25 01/15/2021,US83001AAA07,0.126525,5.250,11565771.875000,1/15/2021,,,
MOLINA HEALTHCARE INC 5.375 11/15/2022,US60855RAF73,0.125854,5.375,11504468.750000,11/15/2022,,,
FRESENIUS MED CARE II 5.875 01/31/2022,US35802XAF06,0.125073,5.875,11433050.584722,1/31/2022,,,
NEW GOLD INC 6.25 11/15/2022,US644535AF36,0.124366,6.250,11368412.708333,11/15/2022,,,
GOODYEAR TIRE & RUBBER 7 05/15/2022,US382550BC43,0.124203,7.000,11353547.638889,5/15/2022,,,
CONSTELLATION BRANDS INC 6 05/01/2022,US21036PAH10,0.124091,6.000,11343303.000000,5/1/2022,,,
ZF NA CAPITAL 4 04/29/2020,US98877DAA37,0.123732,4.000,11310432.638889,4/29/2020,,,
FIRST DATA CORPORATION 5 01/15/2024,US32008DAA46,0.123557,5.000,11294427.083333,1/15/2024,,,
SENSATA TECHNOLOGIES BV 5 10/01/2025,US81725WAJ27,0.123513,5.000,11290447.916667,10/1/2025,,,
ANTERO RESOURCES CORP 5.125 12/01/2022,US03674XAC02,0.123486,5.125,11288021.427083,12/1/2022,,,
VERISIGN INC 4.625 05/01/2023,US92343EAF97,0.123349,4.625,11275456.281250,5/1/2023,,,
PBF HOLDING CO LLC 7 11/15/2023,US69318FAD06,0.123079,7.000,11250758.888889,11/15/2023,,,
ASHLAND INC 3.875 04/15/2018,US044209AK03,0.122631,3.875,11209803.611111,4/15/2018,,,
LIFEPOINT HEALTH INC 5.5 12/01/2021,US53219LAM19,0.122428,5.500,11191259.916667,12/1/2021,,,
BUILDING MATERIALS CORP 5.375 11/15/2024,US120111BM05,0.122387,5.375,11187520.694444,11/15/2024,,,
UNIVERSAL HOSPITAL SERVI 7.625 08/15/2020,US91359PAJ93,0.122237,7.625,11173781.302083,8/15/2020,,,
AMSTED INDUSTRIES 5 03/15/2022,US032177AE79,0.122219,5.000,11172181.416667,3/15/2022,,,
DEAN FOODS CO 6.5 03/15/2023,US242370AD62,0.121647,6.500,11119853.125000,3/15/2023,,,
AMSURG CORP 5.625 07/15/2022,US03232PAD06,0.121094,5.625,11069345.468750,7/15/2022,,,
SALLY HOLDINGS/SALLY CAP 5.625 12/01/2025,US79546VAL09,0.121072,5.625,11067324.776250,12/1/2025,,,
ALPHABET HOLDING CO INC 7.75 11/01/2017,US02079DAB91,0.120873,7.750,11049105.625000,11/1/2017,,,
NCL CORP LTD 4.625 11/15/2020,US62886HAM34,0.120805,4.625,11042946.562500,11/15/2020,,,
LEVEL 3 FINANCING INC 5.375 01/15/2024,US527298BJ19,0.120755,5.375,11038372.048611,1/15/2024,,,
WR GRACE & CO-CONN 5.125 10/01/2021,US383909AE89,0.120516,5.125,11016519.739583,10/1/2021,,,
ADT CORP 3.5 07/15/2022,US00101JAF30,0.120392,3.500,11005184.305556,7/15/2022,,,
BLUE CUBE SPINCO INC 9.75 10/15/2023,US095370AA00,0.119877,9.750,10958094.062500,10/15/2023,,,
HOWARD HUGHES CORP 6.875 10/01/2021,US44267DAA54,0.119872,6.875,10957633.333333,10/1/2021,,,
SCHAEFFLER FINANCE BV 4.75 05/15/2021,US806261AE32,0.118910,4.750,10869704.895833,5/15/2021,,,
LAUREATE EDUCATION INC 9.25 09/01/2019,US518613AD62,0.118500,9.250,10832173.000000,9/1/2019,,,
IMS HEALTH INC 6 11/01/2020,US449934AB49,0.118436,6.000,10826392.500000,11/1/2020,,,
INVISTA FINANCE LLC 4.25 10/15/2019,US46186RAA77,0.118221,4.250,10806697.916667,10/15/2019,,,
VECTOR GROUP LTD 7.75 02/15/2021,US92240MBB37,0.117930,7.750,10780114.652778,2/15/2021,,,
AMKOR TECHNOLOGY INC 6.375 10/01/2022,US031652BG49,0.117851,6.375,10772842.031250,10/1/2022,,,
ONEMAIN FIN HOLDINGS INC 7.25 12/15/2021,US68268DAB10,0.117597,7.250,10749639.409722,12/15/2021,,,
WIND ACQUISITION FIN SA 6.5 04/30/2020,US97314XAJ37,0.117211,6.500,10714395.000000,4/30/2020,,,
BALL CORP 4 11/15/2023,US058498AS54,0.117068,4.000,10701348.777778,11/15/2023,,,
WAYNE MERGER SUB LLC 8.25 08/01/2023,US016094AA27,0.116847,8.250,10681092.187500,8/1/2023,,,
PLY GEM INDUSTRIES INC 6.5 02/01/2022,US729416AX52,0.116776,6.500,10674626.625000,2/1/2022,,,
FIRST DATA CORPORATION 6.75 11/01/2020,US319963BE36,0.116760,6.750,10673125.000000,11/1/2020,,,
HARBINGER GROUP INC 7.875 ,US41146AAE64,0.116740,7.875,10671356.718750,,,,
BROOKFIELD RESIDENTIAL 6.5 12/15/2020,US11283WAA27,0.115974,6.500,10601261.458333,12/15/2020,,,
AMC NETWORKS INC 4.75 12/15/2022,US00164VAC72,0.115888,4.750,10593424.583333,12/15/2022,,,
SENSATA TECH UK FIN CO 6.25 02/15/2026,US81727TAA60,0.115852,6.250,10590184.722222,2/15/2026,,,
AVAYA INC 7 04/01/2019,US053499AG41,0.115436,7.000,10552092.166667,4/1/2019,,,
ROCKIES EXPRESS PIPELINE 6 01/15/2019,US77340RAP29,0.115038,6.000,10515754.166667,1/15/2019,,,
EQUINIX INC 5.375 01/01/2022,US29444UAN63,0.114880,5.375,10501341.927083,1/1/2022,,,
VEREIT OPERATING PARTNER 3 02/06/2019,US03879QAD60,0.114750,3.000,10489418.333333,2/6/2019,,,
NETFLIX INC 5.5 02/15/2022,US64110LAJ52,0.114727,5.500,10487271.875000,2/15/2022,,,
ADVANCED DISPOSAL SRVCES 8.25 10/01/2020,US00101NAB38,0.114599,8.250,10475572.312500,10/1/2020,,,
PBF HOLDING CO LLC 8.25 02/15/2020,US69318FAB40,0.113977,8.250,10418723.437500,2/15/2020,,,
AMERIGAS FINANCE LLC/COR 7 05/20/2022,US03077JAB61,0.113920,7.000,10413516.666667,5/20/2022,,,
CLEAR CHANNEL WORLDWIDE 6.5 11/15/2022,US18451QAL23,0.113850,6.500,10407113.541667,11/15/2022,,,
ACTIVISION BLIZZARD 6.125 09/15/2023,US00507VAE92,0.113587,6.125,10383117.638889,9/15/2023,,,
TPC GROUP INC 8.75 12/15/2020,US89236YAA29,0.113427,8.750,10368480.868056,12/15/2020,,,
FERRELLGAS LP/FERRELLGAS 6.75 06/15/2023,US315292AQ58,0.113274,6.750,10354492.187500,6/15/2023,,,
RICE ENERGY INC 6.25 05/01/2022,US762760AB28,0.113119,6.250,10340280.625000,5/1/2022,,,
RANGE RESOURCES CORP 5 03/15/2023,US75281AAQ22,0.112869,5.000,10317510.138889,3/15/2023,,,
SPECTRUM BRANDS INC 6.625 11/15/2022,US84762LAQ86,0.112811,6.625,10312183.315972,11/15/2022,,,
BUILDERS FIRSTSOURCE INC 10.75 08/15/2023,US12008RAH03,0.112600,10.750,10292856.388889,8/15/2023,,,
COTT BEVERAGES INC 6.75 01/01/2020,US221643AK50,0.112159,6.750,10252578.750000,1/1/2020,,,
KINETIC CONCEPT/KCI USA 12.5 11/01/2019,US49461BAE48,0.112017,12.500,10239562.500000,11/1/2019,,,
COMMSCOPE INC 5.5 06/15/2024,US203372AM95,0.111979,5.500,10236111.180556,6/15/2024,,,
VULCAN MATERIALS CO 7.5 06/15/2021,US929160AR05,0.111951,7.500,10233579.941667,6/15/2021,,,
STARZ LLC/STARZ FIN CORP 5 09/15/2019,US85571NAB55,0.111870,5.000,10226137.083333,9/15/2019,,,
CASCADES INC 5.5 07/15/2022,US146900AM71,0.111472,5.500,10189782.986111,7/15/2022,,,
LAMAR MEDIA CORP 5 05/01/2023,US513075BE05,0.111435,5.000,10186357.500000,5/1/2023,,,
GLP CAPITAL LP / FIN II 4.875 11/01/2020,US361841AD12,0.111290,4.875,10173107.656250,11/1/2020,,,
AMC ENTERTAINMENT INC 5.75 06/15/2025,US00165AAH14,0.110787,5.750,10127189.826389,6/15/2025,,,
KINDRED HEALTHCARE INC 8 01/15/2020,US494580AE31,0.110750,8.000,10123747.222222,1/15/2020,,,
CONCORDIA HEALTHCARE 7 04/15/2023,US206519AA88,0.110740,7.000,10122862.638889,4/15/2023,,,
GLOBAL A&T ELECTRONICS 10 02/01/2019,US379390AF41,0.110705,10.000,10119637.500000,2/1/2019,,,
ENERGIZER HOLDINGS INC 5.5 06/15/2025,US29273AAA43,0.110264,5.500,10079315.277778,6/15/2025,,,
WHITING PETROLEUM CORP 5.75 03/15/2021,US966387AH55,0.110230,5.750,10076276.701389,3/15/2021,,,
INVENTIV HEALTH INC 10 08/15/2018,US46122EAG08,0.109755,10.000,10032852.222222,8/15/2018,,,
AHERN RENTALS INC 7.375 05/15/2023,US008674AH66,0.109647,7.375,10022921.562500,5/15/2023,,,
HUDBAY MINERALS INC 9.5 10/01/2020,US443628AB84,0.109634,9.500,10021780.625000,10/1/2020,,,
TRANSDIGM INC 6 07/15/2022,US893647AW74,0.109620,6.000,10020466.666667,7/15/2022,,,
AMERICAN AIRLINES GROUP 5.5 10/01/2019,US02376RAA05,0.109619,5.500,10020345.500000,10/1/2019,,,
HUNTINGTON INGALLS INDUS 5 12/15/2021,US446413AG16,0.109577,5.000,10016537.500000,12/15/2021,,,
FIRSTENERGY TRANSMISSION 4.35 01/15/2025,US33767BAB53,0.109469,4.350,10006633.495833,1/15/2025,,,
NCR CORP 4.625 02/15/2021,US62886EAH18,0.109437,4.625,10003778.611111,2/15/2021,,,
VOYA FINANCIAL INC 5.65 05/15/2053,US45685EAG17,0.109323,5.650,9993282.598889,5/15/2053,,,
CDW LLC/CDW FINANCE 5.5 12/01/2024,US12513GBA67,0.109103,5.500,9973222.356667,12/1/2024,,,
AVIS BUDGET CAR/FINANCE 5.5 04/01/2023,US053773AV98,0.109070,5.500,9970205.250000,4/1/2023,,,
NEWFIELD EXPLORATION CO 5.375 01/01/2026,US651290AR99,0.108686,5.375,9935136.572917,1/1/2026,,,
MHGE PARENT LLC/FINANCE 8.5 08/01/2019,US55303MAA71,0.108646,8.500,9931438.250000,8/1/2019,,,
MCCLATCHY CO 9 12/15/2022,US579489AG05,0.108619,9.000,9928957.500000,12/15/2022,,,
CST BRANDS INC 5 05/01/2023,US12646RAB15,0.108550,5.000,9922650.000000,5/1/2023,,,
JAGUAR LAND ROVER AUTOMO 4.125 12/15/2018,US47010BAB09,0.108244,4.125,9894708.333333,12/15/2018,,,
PVH CORP 4.5 12/15/2022,US693656AA80,0.108101,4.500,9881590.000000,12/15/2022,,,
MSCI INC 5.75 08/15/2025,US55354GAB68,0.108077,5.750,9879458.020833,8/15/2025,,,
TEGNA INC 6.375 10/15/2023,US364725BE07,0.107638,6.375,9839304.270833,10/15/2023,,,
OWENS-BROCKWAY 5.875 08/15/2023,US69073TAR41,0.107202,5.875,9799403.250000,8/15/2023,,,
LANDRY'S INC 9.375 05/01/2020,US51509BAC81,0.106659,9.375,9749805.468750,5/1/2020,,,
TEGNA INC 5.125 07/15/2020,US364725BA84,0.106336,5.125,9720305.798611,7/15/2020,,,
MEDNAX INC 5.25 12/01/2023,US58502BAA44,0.106309,5.250,9717802.091667,12/1/2023,,,
GLOBE LUXEMBOURG SCA 9.625 05/01/2018,US37953MAA80,0.106170,9.625,9705067.531250,5/1/2018,,,
HERTZ CORP 6.25 10/15/2022,US428040CN71,0.106144,6.250,9702765.625000,10/15/2022,,,
SINCLAIR TELEVISION GROU 5.375 04/01/2021,US829259AM20,0.106055,5.375,9694624.843750,4/1/2021,,,
NXP BV/NXP FUNDING LLC 4.125 06/15/2020,US62947QAS75,0.106045,4.125,9693716.718750,6/15/2020,,,
SAFWAY GROUP HOLDING/FIN 7 05/15/2018,US78659QAA04,0.106000,7.000,9689570.416667,5/15/2018,,,
MALLINCKRODT FIN/SB 5.625 10/15/2023,US561233AD96,0.105946,5.625,9684593.750000,10/15/2023,,,
BLUE CUBE SPINCO INC 10 10/15/2025,US095370AC65,0.105667,10.000,9659125.000000,10/15/2025,,,
RIVERBED TECHNOLOGY INC 8.875 03/01/2023,US74339KAA07,0.105299,8.875,9625521.302083,3/1/2023,,,
CLEAN HARBORS INC 5.125 06/01/2021,US184496AL16,0.105249,5.125,9620932.427083,6/1/2021,,,
NEXSTAR BROADCASTING INC 6.875 11/15/2020,US65336YAJ29,0.105116,6.875,9608732.552083,11/15/2020,,,
SPRINGLEAF FINANCE CORP 7.75 10/01/2021,US85172FAD15,0.105016,7.750,9599587.895833,10/1/2021,,,
WHITEWAVE FOODS CO 5.375 10/01/2022,US966244AA30,0.104971,5.375,9595509.947917,10/1/2022,,,
LAREDO PETROLEUM INC 7.375 05/01/2022,US516806AB24,0.104864,7.375,9585692.156250,5/1/2022,,,
MEMORIAL RESOURCE DEVELO 5.875 07/01/2022,US58605QAB59,0.104720,5.875,9572529.604167,7/1/2022,,,
WINDSTREAM SERVICES LLC 7.75 10/01/2021,US97381WAT18,0.103974,7.750,9504359.583333,10/1/2021,,,
CVR REF LLC/COFF FIN INC 6.5 11/01/2022,US126634AC86,0.103964,6.500,9503487.375000,11/1/2022,,,
TEREX CORP 6 05/15/2021,US880779AY95,0.103928,6.000,9500183.333333,5/15/2021,,,
ENERGY TRANSFER EQUITY LP 5.5 06/01/2027,US29273VAF76,0.103913,5.500,9498790.208333,6/1/2027,,,
ENERGIZER HOLDINGS INC 4.7 05/19/2021,US29266RAB42,0.103845,4.700,9492616.575000,5/19/2021,,,
SEVEN GENERATIONS ENERGY 8.25 05/15/2020,US81783QAA31,0.103574,8.250,9467809.895833,5/15/2020,,,
REGAL ENTERTAINMENT GRP 5.75 03/15/2022,US758766AH24,0.103564,5.750,9466849.097222,3/15/2022,,,
AXALTA COATING SYS/DUTCH 7.375 05/01/2021,US90347CAA45,0.103383,7.375,9450389.812500,5/1/2021,,,
AMERIGAS FINANCE LLC/COR 6.75 05/20/2020,US03077JAA88,0.103284,6.750,9441320.000000,5/20/2020,,,
FELCOR LODGING LP 5.625 03/01/2023,US31430QBE61,0.103122,5.625,9426512.812500,3/1/2023,,,
SPRINGLEAF FINANCE CORP 5.25 12/15/2019,US85172FAG46,0.102981,5.250,9413600.000000,12/15/2019,,,
24 HOUR HOLDINGS III LLC 8 06/01/2022,US90132BAA52,0.102283,8.000,9349824.000000,6/1/2022,,,
BROOKFIELD RESID PROPERT 6.125 07/01/2022,US11283YAA82,0.102059,6.125,9329330.260417,7/1/2022,,,
GROUP 1 AUTOMOTIVE INC 5 06/01/2022,US398905AK59,0.102053,5.000,9328770.833333,6/1/2022,,,
INFORMATICA LLC 7.125 07/15/2023,US465349AA60,0.102037,7.125,9327330.215000,7/15/2023,,,
CEQUEL COM HLDG I/CAP CP 5.125 12/15/2021,US15672WAE49,0.101801,5.125,9305727.708333,12/15/2021,,,
LENNAR CORP 4.5 11/15/2019,US526057BU74,0.101341,4.500,9263665.625000,11/15/2019,,,
LENNAR CORP 4.75 11/15/2022,US526057BN32,0.101184,4.750,9249321.423611,11/15/2022,,,
COMMSCOPE INC 5 06/15/2021,US203372AL13,0.101162,5.000,9247363.888889,6/15/2021,,,
QORVO INC 7 12/01/2025,US74736KAC53,0.101142,7.000,9245538.750000,12/1/2025,,,
CAESARS GROW PROP HLD/FI 9.375 05/01/2022,US12768WAB28,0.101085,9.375,9240278.906250,5/1/2022,,,
MPG HOLDCO I INC 7.375 10/15/2022,US553234AB11,0.100959,7.375,9228761.892361,10/15/2022,,,
SUNOCO LP/FINANCE CORP 6.375 04/01/2023,US86765LAA52,0.100917,6.375,9224891.843750,4/1/2023,,,
INTELSAT LUXEMBOURG SA 7.75 06/01/2021,US458204AP96,0.100801,7.750,9214353.062500,6/1/2021,,,
CONSOLIDATED ENERGY FIN 6.75 10/15/2019,US20914UAB26,0.100693,6.750,9204464.062500,10/15/2019,,,
GCP APPLIED TECHNOLOGIES 9.5 02/01/2023,US36164YAA91,0.100380,9.500,9175864.222222,2/1/2023,,,
PLATFORM SPECIALTY PROD 6.5 02/01/2022,US72766QAA31,0.100288,6.500,9167422.500000,2/1/2022,,,
TEAMHEALTH INC 7.25 12/15/2023,US87815VAG86,0.100219,7.250,9161160.416667,12/15/2023,,,
TRANSOCEAN INC 7.125 12/15/2021,US893830BB42,0.100000,7.125,9141120.833333,12/15/2021,,,
PQ CORP 8.75 11/01/2018,US693522AD63,0.099742,8.750,9117549.375000,11/1/2018,,,
INEOS GROUP HOLDINGS SA 5.875 02/15/2019,US44986UAC36,0.099669,5.875,9110805.642361,2/15/2019,,,
AMC NETWORKS INC 7.75 07/15/2021,US00164VAB99,0.099599,7.750,9104439.375000,7/15/2021,,,
OWENS-BROCKWAY 5 01/15/2022,US690872AA43,0.099597,5.000,9104288.194444,1/15/2022,,,
KENNEDY-WILSON INC 5.875 04/01/2024,US489399AG06,0.099506,5.875,9095931.666667,4/1/2024,,,
ESH HOSPITALITY INC 5.25 05/01/2025,US26907YAA29,0.098936,5.250,9043878.437500,5/1/2025,,,
ISTAR INC 4 11/01/2017,US45031UBX81,0.098690,4.000,9021390.000000,11/1/2017,,,
QUEBECOR MEDIA 5.75 01/15/2023,US74819RAP10,0.098472,5.750,9001386.076389,1/15/2023,,,
CALIFORNIA RESOURCES CRP 8 12/15/2022,US13057QAG29,0.098423,8.000,8996985.555556,12/15/2022,,,
CNH INDUSTRIAL CAPITAL L 3.875 07/16/2018,US12592BAD64,0.098407,3.875,8995457.934028,7/16/2018,,,
GLP CAPITAL LP / FIN II 4.375 11/01/2018,US361841AB55,0.098287,4.375,8984527.500000,11/1/2018,,,
FORESIGHT ENERGY/FINANCE 7.875 08/15/2021,US345525AB51,0.097788,7.875,8938904.375000,8/15/2021,,,
SBA TELECOMMUNICATIONS 5.75 07/15/2020,US78401FAG28,0.097414,5.750,8904748.194444,7/15/2020,,,
CONTOURGLOBAL POWER HLDG 7.125 06/01/2019,US21220LAA17,0.097185,7.125,8883773.437500,6/1/2019,,,
MALLINCKRODT FIN/SB 4.875 04/15/2020,US561233AB31,0.096662,4.875,8835942.552083,4/15/2020,,,
VIASAT INC 6.875 06/15/2020,US92552VAF76,0.096606,6.875,8830873.556667,6/15/2020,,,
BERRY PLASTICS CORP 5.5 05/15/2022,US085790AX14,0.096117,5.500,8786176.736111,5/15/2022,,,
MILLICOM INTL CELLULAR 6 03/15/2025,US600814AM98,0.096087,6.000,8783376.000000,3/15/2025,,,
LAMAR MEDIA CORP 5.375 01/15/2024,US513075BH36,0.095906,5.375,8766895.364583,1/15/2024,,,
PENSKE AUTO GROUP INC 5.75 10/01/2022,US70959WAE30,0.095514,5.750,8731018.666667,10/1/2022,,,
VIDEOTRON LTD 5.375 06/15/2024,US92660FAG90,0.095486,5.375,8728507.152778,6/15/2024,,,
OPEN TEXT CORP 5.625 01/15/2023,US683715AA49,0.095127,5.625,8695624.218750,1/15/2023,,,
SENSATA TECHNOLOGIES BV 4.875 10/15/2023,US81725WAG87,0.094983,4.875,8682459.264583,10/15/2023,,,
TOPS HOLDING/MARKETS II 8 06/15/2022,US89078YAA38,0.094726,8.000,8659022.222222,6/15/2022,,,
CNO FINANCIAL GROUP INC 5.25 05/30/2025,US12621EAK91,0.094715,5.250,8658010.833333,5/30/2025,,,
AIRCASTLE LTD 6.75 04/15/2017,US00928QAF81,0.094524,6.750,8640568.125000,4/15/2017,,,
INFOR US INC 5.75 08/15/2020,US45672NAF87,0.094247,5.750,8615216.875000,8/15/2020,,,
LAMAR MEDIA CORP 5.875 02/01/2022,US513075BB65,0.094234,5.875,8613993.656250,2/1/2022,,,
VEREIT OPERATING PARTNER 4.6 02/06/2024,US03879QAF19,0.094204,4.600,8611319.733333,2/6/2024,,,
NATIONSTAR MORT/CAP CORP 6.5 07/01/2021,US63860UAK60,0.094055,6.500,8597637.356667,7/1/2021,,,
IAMGOLD CORP 6.75 10/01/2020,US450913AC25,0.093998,6.750,8592484.687500,10/1/2020,,,
CDW LLC/CDW FINANCE 5 09/01/2023,US12513GBB41,0.093967,5.000,8589588.333333,9/1/2023,,,
SINCLAIR TELEVISION GROU 5.625 08/01/2024,US829259AR17,0.093891,5.625,8582653.906250,8/1/2024,,,
UPCB FINANCE V LTD 7.25 11/15/2021,US90320TAA88,0.093471,7.250,8544244.843750,11/15/2021,,,
TARGA RESOURCES PARTNERS 4.125 11/15/2019,US87612BAR33,0.093459,4.125,8543184.947917,11/15/2019,,,
LEVI STRAUSS & CO 6.875 05/01/2022,US52736RBD35,0.093331,6.875,8531464.218750,5/1/2022,,,
TESORO LOGISTICS LP/CORP 6.25 10/15/2022,US88160QAH65,0.093270,6.250,8525920.138889,10/15/2022,,,
SINCLAIR TELEVISION GROU 6.125 10/01/2022,US829259AN03,0.092965,6.125,8498052.864583,10/1/2022,,,
TEGNA INC 5.125 10/15/2019,US364725BD24,0.092600,5.125,8464696.111111,10/15/2019,,,
DCP MIDSTREAM OPERATING 2.5 12/01/2017,US23311VAC19,0.092596,2.500,8464299.200000,12/1/2017,,,
STENA AB 7 02/01/2024,US858577AR03,0.092379,7.000,8444475.000000,2/1/2024,,,
MICRON TECHNOLOGY INC 5.875 02/15/2022,US595112BA01,0.092228,5.875,8430648.055556,2/15/2022,,,
REVLON CONSUMER PRODUCTS CO 5.75 02/15/2021,US761519BD88,0.092204,5.750,8428489.513889,2/15/2021,,,
SIGNODE INDUSTRIAL GROUP 6.375 05/01/2022,US826700AA41,0.091817,6.375,8393101.968750,5/1/2022,,,
TESORO LOGISTICS LP/CORP 5.5 10/15/2019,US88160QAG82,0.091782,5.500,8389865.625000,10/15/2019,,,
RESOLUTE FOREST PRODUCTS 5.875 05/15/2023,US76117WAB54,0.091757,5.875,8387586.701389,5/15/2023,,,
HEALTHSOUTH CORP 5.75 11/01/2024,US421924BK63,0.091575,5.750,8371006.875000,11/1/2024,,,
COTT BEVERAGES INC 5.375 07/01/2022,US221643AH22,0.091505,5.375,8364610.250000,7/1/2022,,,
COVERIS HOLDINGS SA 7.875 11/01/2019,US22289RAA41,0.091238,7.875,8340194.281250,11/1/2019,,,
ENDEAVOR ENERGY RESOURCE 7 08/15/2021,US29260FAA84,0.091182,7.000,8335040.972222,8/15/2021,,,
AMERICAN ENERGY - PERMIA 13 11/30/2020,US02563LAE83,0.091163,13.000,8333306.666667,11/30/2020,,,
TRANSDIGM INC 5.5 10/15/2020,US893647AR89,0.090999,5.500,8318345.486111,10/15/2020,,,
STEEL DYNAMICS INC 5.5 10/01/2024,US858119BD11,0.090837,5.500,8303510.883333,10/1/2024,,,
LIFEPOINT HEALTH INC 5.875 12/01/2023,US53219LAN91,0.090830,5.875,8302859.062500,12/1/2023,,,
SABRA HEALTH/CAPTL CORP 5.5 02/01/2021,US78572XAE13,0.090769,5.500,8297320.500000,2/1/2021,,,
AMERICAN AIRLINES GROUP 6.125 06/01/2018,US91731VAA44,0.090184,6.125,8243789.666667,6/1/2018,,,
AMERICAN AIRLINES GROUP 4.625 03/01/2020,US02376RAB87,0.090121,4.625,8238094.661250,3/1/2020,,,
CCO HLDGS LLC/CAP CORP 6.5 04/30/2021,US1248EPAU74,0.089999,6.500,8226888.737778,4/30/2021,,,
TIBCO SOFTWARE INC 11.375 12/01/2021,US05765WAA18,0.089955,11.375,8222864.635417,12/1/2021,,,
PLANTRONICS INC 5.5 05/31/2023,US727493AB41,0.089882,5.500,8216197.500000,5/31/2023,,,
PDC ENERGY INC 7.75 10/15/2022,US69327RAC51,0.089873,7.750,8215355.208333,10/15/2022,,,
WMG ACQUISITION CORP 6.75 04/15/2022,US92933BAH78,0.089860,6.750,8214233.125000,4/15/2022,,,
AMERICAN AXLE & MFG INC 6.625 10/15/2022,US02406PAL40,0.089784,6.625,8207257.118056,10/15/2022,,,
CELANESE US HOLDINGS LLC 4.625 11/15/2022,US15089QAD60,0.089747,4.625,8203842.482639,11/15/2022,,,
SABRE GLBL INC 5.25 11/15/2023,US78573NAB82,0.089572,5.250,8187823.854167,11/15/2023,,,
ADT CORP 4.875 07/15/2042,US00101JAG13,0.089489,4.875,8180286.041667,7/15/2042,,,
AVANTI COMMUNICATIONS 10 10/01/2019,US05351LAA52,0.089424,10.000,8174372.500000,10/1/2019,,,
INTERNATIONAL GAME TECH 5.625 02/15/2020,US460599AA19,0.089312,5.625,8164089.843750,2/15/2020,,,
ELDORADO GOLD CORP 6.125 12/15/2020,US284902AC70,0.089241,6.125,8157576.892361,12/15/2020,,,
JBS USA LLC/JBS USA FINA 8.25 02/01/2020,US466112AH25,0.088585,8.250,8097680.062500,2/1/2020,,,
CROWN AMER/CAP CORP IV 4.5 01/15/2023,US228189AB23,0.088381,4.500,8078971.855000,1/15/2023,,,
NGPL PIPECO LLC 9.625 06/01/2019,US62912XAD66,0.088200,9.625,8062475.260417,6/1/2019,,,
GRIFFON CORPORATION 5.25 03/01/2022,US398433AH55,0.088103,5.250,8053565.937500,3/1/2022,,,
JBS USA LLC/JBS USA FINA 5.75 06/15/2025,US466112AR07,0.088103,5.750,8053588.868056,6/15/2025,,,
B&G FOODS INC 4.625 06/01/2021,US05508WAA36,0.087931,4.625,8037863.302083,6/1/2021,,,
CINEMARK USA INC 4.875 06/01/2023,US172441AZ03,0.087753,4.875,8021598.312500,6/1/2023,,,
CONSOLIDATED COMMUNICATI 6.5 10/01/2022,US20903XAE31,0.087696,6.500,8016356.250000,10/1/2022,,,
GENON ENERGY INC 9.5 10/15/2018,US37244DAC39,0.087577,9.500,8005457.777778,10/15/2018,,,
MOHEGAN TRIBAL GAMING AU 9.75 09/01/2021,US608328BC34,0.087530,9.750,8001210.000000,9/1/2021,,,
D.R. HORTON INC 4 02/15/2020,US23331ABK43,0.086940,4.000,7947255.388889,2/15/2020,,,
JAGUAR LAND ROVER AUTOMO 5.625 02/01/2023,US47010BAA26,0.086907,5.625,7944281.748750,2/1/2023,,,
ASSOC MAT LLC/AMH NEW FI 9.125 11/01/2017,US04570VAC72,0.086747,9.125,7929625.250000,11/1/2017,,,
SABRE GLBL INC 5.375 04/15/2023,US78573NAA00,0.086684,5.375,7923891.250000,4/15/2023,,,
DCP MIDSTREAM LLC 5.85 05/21/2043,US23311RAH93,0.086671,5.850,7922714.212500,5/21/2043,,,
VIDEOTRON LTD 5 07/15/2022,US92658TAQ13,0.086559,5.000,7912473.055556,7/15/2022,,,
ANTERO RESOURCES CORP 5.625 06/01/2023,US03674XAD84,0.086480,5.625,7905254.218750,6/1/2023,,,
VIRGIN MEDIA FINANCE PLC 6.375 04/15/2023,US55181XAA00,0.086261,6.375,7885180.989583,4/15/2023,,,
D.R. HORTON INC 3.75 03/01/2019,US23331ABJ79,0.086183,3.750,7878112.812500,3/1/2019,,,
INEOS GROUP HOLDINGS SA 6.125 08/15/2018,US44986UAA79,0.086086,6.125,7869223.559028,8/15/2018,,,
AIRCASTLE LTD 6.25 12/01/2019,US00928QAK76,0.086003,6.250,7861580.937500,12/1/2019,,,
GENWORTH HOLDINGS INC 7.625 09/24/2021,US37247DAP15,0.085838,7.625,7846512.777778,9/24/2021,,,
LKQ CORP 4.75 05/15/2023,US501889AB59,0.085793,4.750,7842400.729167,5/15/2023,,,
LUNDIN MINING CORP 7.5 11/01/2020,US550372AA44,0.085655,7.500,7829806.250000,11/1/2020,,,
IHS INC 5 11/01/2022,US451734AC12,0.085493,5.000,7814998.750000,11/1/2022,,,
VIKING CRUISES LTD 8.5 10/15/2022,US92676XAA54,0.085433,8.500,7809504.375000,10/15/2022,,,
TRONOX FINANCE LLC 6.375 08/15/2020,US897050AB62,0.085371,6.375,7803812.249167,8/15/2020,,,
DUFRY FINANCE SCA 5.5 10/15/2020,US26433UAA34,0.085255,5.500,7793206.597222,10/15/2020,,,
JAGUAR LAND ROVER AUTOMO 4.25 11/15/2019,US47010BAD64,0.085233,4.250,7791270.520833,11/15/2019,,,
NIELSEN FINANCE LLC/CO 4.5 10/01/2020,US65409QBA94,0.085191,4.500,7787388.125000,10/1/2020,,,
MCDERMOTT INTERNATIONAL 8 05/01/2021,US580037AB54,0.084991,8.000,7769075.000000,5/1/2021,,,
FIRST QUALITY FINANCE CO 4.625 05/15/2021,US336130AA74,0.084922,4.625,7762829.670139,5/15/2021,,,
NXP BV/NXP FUNDING LLC 5.75 02/15/2021,US62947QAM06,0.084727,5.750,7744952.423611,2/15/2021,,,
RSP PERMIAN INC 6.625 10/01/2022,US74978QAB14,0.084576,6.625,7731188.281250,10/1/2022,,,
CNH INDUSTRIAL CAPITAL L 4.375 11/06/2020,US12592BAE48,0.084513,4.375,7725390.798611,11/6/2020,,,
AMAG PHARMACEUTICALS INC 7.875 09/01/2023,US00163UAB26,0.084350,7.875,7710543.875000,9/1/2023,,,
LENNAR CORP 4.5 06/15/2019,US526057BT02,0.084333,4.500,7708989.375000,6/15/2019,,,
UNIT CORP 6.625 05/15/2021,US909218AB56,0.084030,6.625,7681284.722222,5/15/2021,,,
BWAY HOLDING CO 9.125 08/15/2021,US12429TAC80,0.083894,9.125,7668815.677083,8/15/2021,,,
EAGLE SPINCO INC 4.625 02/15/2021,US269871AB53,0.083683,4.625,7649548.437500,2/15/2021,,,
CIMPOR FINANCIAL OPERTNS 5.75 07/17/2024,US17186LAA17,0.083413,5.750,7624894.618056,7/17/2024,,,
GENERAL CABLE CORP 5.75 10/01/2022,US369300AN82,0.083386,5.750,7622385.312500,10/1/2022,,,
PHI INC 5.25 03/15/2019,US69336TAH95,0.082962,5.250,7583627.083333,3/15/2019,,,
LEAR CORP 5.25 01/15/2025,US521865AX34,0.082923,5.250,7580043.541667,1/15/2025,,,
INFOR SOFTWARE PARENT 7.125 05/01/2021,US45672WAA99,0.082856,7.125,7573979.156250,5/1/2021,,,
GARDNER DENVER INC 6.875 08/15/2021,US75966CAA53,0.082438,6.875,7535697.482639,8/15/2021,,,
UPCB FINANCE VI LTD 6.875 01/15/2022,US90320XAA90,0.082231,6.875,7516811.328125,1/15/2022,,,
DIGITALGLOBE INC 5.25 02/01/2021,US25389MAD11,0.082066,5.250,7501765.750000,2/1/2021,,,
WESCO DISTRIBUTION INC 5.375 12/15/2021,US95081QAK04,0.082026,5.375,7498094.965278,12/15/2021,,,
FIRST QUANTUM MINERALS L 6.75 02/15/2020,US335934AD71,0.081749,6.750,7472799.687500,2/15/2020,,,
CONCHO RESOURCES INC 6.5 01/15/2022,US20605PAC59,0.081542,6.500,7453798.541667,1/15/2022,,,
HUNTSMAN INTERNATIONAL L 4.875 11/15/2020,US44701QAZ54,0.081486,4.875,7448734.270833,11/15/2020,,,
COMMERZBANK AG 8.125 09/19/2023,US20259BAA98,0.081404,8.125,7441264.010417,9/19/2023,,,
JBS USA LLC/JBS USA FINA 5.875 07/15/2024,US466112AP41,0.081326,5.875,7434082.790278,7/15/2024,,,
TULLOW OIL PLC 6.25 04/15/2022,US899415AC75,0.081106,6.250,7413997.743056,4/15/2022,,,
NRG YIELD OPERATING LLC 5.375 08/15/2024,US62943WAB54,0.081041,5.375,7408076.527778,8/15/2024,,,
ASHTEAD CAPITAL INC 6.5 07/15/2022,US045054AB98,0.081029,6.500,7406929.652778,7/15/2022,,,
AES CORP/VA 4.875 05/15/2023,US00130HBT14,0.080583,4.875,7366193.541667,5/15/2023,,,
CONSTELLATION BRANDS INC 3.75 05/01/2021,US21036PAK49,0.080406,3.750,7349980.312500,5/1/2021,,,
WILLIAMS COMPANIES INC 3.7 01/15/2023,US969457BU31,0.080371,3.700,7346753.333333,1/15/2023,,,
NEIMAN MARCUS GROUP LTD LLC 8.75 10/15/2021,US570254AB85,0.080312,8.750,7341421.597222,10/15/2021,,,
MILLICOM INTL CELLULAR 4.75 05/22/2020,US600814AK33,0.080286,4.750,7338991.625000,5/22/2020,,,
FIRST QUANTUM MINERALS L 7 02/15/2021,US335934AF20,0.080085,7.000,7320666.805556,2/15/2021,,,
ACCO Brands Corp 6.75 04/30/2020,US00081TAH14,0.079930,6.750,7306451.250000,4/30/2020,,,
MASCO CORP 4.45 04/01/2025,US574599BJ41,0.079651,4.450,7280978.916667,4/1/2025,,,
PLATFORM SPECIALTY PROD 10.375 05/01/2021,US72766QAC96,0.079490,10.375,7266273.437500,5/1/2021,,,
BALL CORP 5 03/15/2022,US058498AR71,0.079005,5.000,7221895.320000,3/15/2022,,,
AIRCASTLE LTD 5.125 03/15/2021,US00928QAM33,0.078731,5.125,7196862.934028,3/15/2021,,,
SPECTRUM BRANDS INC 6.375 11/15/2020,US84762LAN55,0.078641,6.375,7188609.895833,11/15/2020,,,
MONITRONICS INTERNATIONA 9.125 04/01/2020,US609453AG02,0.078592,9.125,7184179.125000,4/1/2020,,,
NEWFIELD EXPLORATION CO 5.625 07/01/2024,US651290AQ17,0.078574,5.625,7182552.187500,7/1/2024,,,
TERRAFORM POWER OPERATIN 5.875 02/01/2023,US88104LAA17,0.078419,5.875,7168359.500000,2/1/2023,,,
RAYONIER AM PROD INC 5.5 06/01/2024,US75508EAA64,0.077970,5.500,7127337.000000,6/1/2024,,,
SALLY HOLDINGS/SALLY CAP 5.75 06/01/2022,US79546VAJ52,0.077787,5.750,7110550.958333,6/1/2022,,,
NCR CORP 6.375 12/15/2023,US62886EAS72,0.077713,6.375,7103858.109167,12/15/2023,,,
TALEN ENERGY SUPPLY LLC 6.5 06/01/2025,US87422VAA61,0.077637,6.500,7096911.416667,6/1/2025,,,
HILCORP ENERGY I/HILCORP 5 12/01/2024,US431318AN49,0.077609,5.000,7094303.333333,12/1/2024,,,
AECOM 5.75 10/15/2022,US00766TAB61,0.077215,5.750,7058281.736111,10/15/2022,,,
HILCORP ENERGY I/HILCORP 5.75 10/01/2025,US431318AQ79,0.077112,5.750,7048923.729167,10/1/2025,,,
BLUE RACER MID LLC/FINAN 6.125 11/15/2022,US095796AA63,0.076844,6.125,7024381.666667,11/15/2022,,,
AVON PRODUCTS INC 6.75 03/15/2023,US054303BA99,0.076564,6.750,6998820.937500,3/15/2023,,,
GENESIS ENERGY LP/GENESI 6.75 08/01/2022,US37185LAH50,0.076489,6.750,6991914.375000,8/1/2022,,,
NEIMAN MARCUS GROUP LTD LLC 8 10/15/2021,US570254AA03,0.076264,8.000,6971375.000000,10/15/2021,,,
FLORIDA EAST COAST HLDGS 6.75 05/01/2019,US340630AA06,0.075969,6.750,6944423.937500,5/1/2019,,,
SILGAN HOLDINGS INC 5 04/01/2020,US827048AP43,0.075726,5.000,6922175.000000,4/1/2020,,,
NAVIENT CORP 5.5 01/25/2023,US78442FEQ72,0.075473,5.500,6899103.541667,1/25/2023,,,
CLAIRE'S STORES INC 9 03/15/2019,US179584AM91,0.075391,9.000,6891523.750000,3/15/2019,,,
COMMUNICATIONS SALES & L 8.25 10/15/2023,US20341WAD74,0.075325,8.250,6885514.687500,10/15/2023,,,
IASIS HEALTHCARE/CAP CRP 8.375 05/15/2019,US45072PAD42,0.075179,8.375,6872232.639861,5/15/2019,,,
CEQUEL COM HLDG I/CAP CP 5.125 12/15/2021,US15672WAF14,0.074997,5.125,6855539.930556,12/15/2021,,,
WEATHERFORD BERMUDA 4.5 04/15/2022,US94707VAC46,0.074432,4.500,6803875.000000,4/15/2022,,,
CARRIZO OIL & GAS INC 6.25 04/15/2023,US144577AH67,0.074326,6.250,6794208.506944,4/15/2023,,,
PROVIDENT FDG/PFG FIN 6.75 06/15/2021,US74387UAG67,0.074326,6.750,6794210.937500,6/15/2021,,,
BLUELINE RENTAL FINANCE 7 02/01/2019,US09627HAA41,0.074225,7.000,6784977.000000,2/1/2019,,,
WHITING PETROLEUM CORP 5 03/15/2019,US966387AG72,0.074023,5.000,6766486.805556,3/15/2019,,,
TALEN ENERGY SUPPLY LLC 4.6 12/15/2021,US69352JAN72,0.073851,4.600,6750761.694444,12/15/2021,,,
MOMENTIVE PERFORMANCE 3.88 10/24/2021,US60877UBE64,0.073757,3.880,6742237.422222,10/24/2021,,,
OASIS PETROLEUM INC 6.875 03/15/2022,US674215AG39,0.073273,6.875,6697981.510417,3/15/2022,,,
BERRY PLASTICS CORP 5.125 07/15/2023,US085790AY96,0.073175,5.125,6688992.708333,7/15/2023,,,
FIRSTENERGY CORP 2.75 03/15/2018,US337932AE78,0.073117,2.750,6683730.166667,3/15/2018,,,
NEWFIELD EXPLORATION CO 5.75 01/30/2022,US651290AP34,0.072897,5.750,6663588.541667,1/30/2022,,,
KCG HOLDINGS INC 6.875 03/15/2020,US48244BAC46,0.072726,6.875,6647962.725694,3/15/2020,,,
SUN PRODUCTS CORP 7.75 03/15/2021,US866860AA76,0.072640,7.750,6640119.722222,3/15/2021,,,
PARSLEY ENERGY LLC/FINAN 7.5 02/15/2022,US701885AA35,0.072552,7.500,6632082.083333,2/15/2022,,,
ALLIANCE ONE INTL INC 9.875 07/15/2021,US018772AS22,0.072289,9.875,6608012.274306,7/15/2021,,,
UNITYMEDIA HESSEN / NRW 5 01/15/2025,US913364AD74,0.071929,5.000,6575100.694444,1/15/2025,,,
RANGE RESOURCES CORP 4.875 05/15/2025,US75281AAR05,0.071907,4.875,6573052.916667,5/15/2025,,,
TERRAFORM GLOBAL OPERATI 9.75 08/15/2022,US88104UAA16,0.071845,9.750,6567437.083333,8/15/2022,,,
CRESTWOOD MIDSTREAM PART 6.125 03/01/2022,US226373AH19,0.071832,6.125,6566266.656250,3/1/2022,,,
DFC FINANCE CORP 10.5 06/15/2020,US23320AAA07,0.071774,10.500,6560916.666667,6/15/2020,,,
ONEOK INC 7.5 09/01/2023,US682680AR43,0.071678,7.500,6552193.776667,9/1/2023,,,
POLYONE CORP 5.25 03/15/2023,US73179PAK21,0.071545,5.250,6539979.062500,3/15/2023,,,
STATION CASINOS LLC 7.5 03/01/2021,US857691AD10,0.071443,7.500,6530685.000000,3/1/2021,,,
MEG ENERGY CORP 7 03/31/2024,US552704AC21,0.071181,7.000,6506711.111111,3/31/2024,,,
KINDRED HEALTHCARE INC 8.75 01/15/2023,US494580AF06,0.071116,8.750,6500769.375000,1/15/2023,,,
SUNOCO LP/FINANCE CORP 5.5 08/01/2020,US86765LAB36,0.070571,5.500,6450955.875000,8/1/2020,,,
TRONOX FINANCE LLC 7.5 03/15/2022,US30049XAA54,0.070498,7.500,6444258.333333,3/15/2022,,,
GLP CAPITAL LP / FIN II 5.375 11/01/2023,US361841AF69,0.070250,5.375,6421619.593750,11/1/2023,,,
CENTENE CORP 4.75 05/15/2022,US15135BAD38,0.070073,4.750,6405468.229167,5/15/2022,,,
ASHTEAD CAPITAL INC 5.625 10/01/2024,US045054AC71,0.070067,5.625,6404941.406250,10/1/2024,,,
BRAND ENERGY & INFRASTRUCTU 8.5 12/01/2021,US10524PAA84,0.070055,8.500,6403769.625000,12/1/2021,,,
OUTFRONT MEDIA CAP LLC/C 5.625 02/15/2024,US12505FAD33,0.069828,5.625,6383093.750000,2/15/2024,,,
CARRIZO OIL & GAS INC 7.5 09/15/2020,US144577AF02,0.069590,7.500,6361336.041667,9/15/2020,,,
JEFFERIES FIN LLC / JFIN 7.375 04/01/2020,US47232MAA09,0.069331,7.375,6337608.010417,4/1/2020,,,
TESORO LOGISTICS LP/CORP 6.125 10/15/2021,US88160QAD51,0.069078,6.125,6314461.805556,10/15/2021,,,
DCP MIDSTREAM OPERATING 3.875 03/15/2023,US23311VAD91,0.068659,3.875,6276212.443750,3/15/2023,,,
EP ENER/EVEREST ACQ FIN 9.375 05/01/2020,US29977HAB69,0.068459,9.375,6257870.156250,5/1/2020,,,
WINDSTREAM SERVICES LLC 7.5 04/01/2023,US97381WAU80,0.068150,7.500,6229641.600000,4/1/2023,,,
ENOVA INTERNATIONAL INC 9.75 06/01/2021,US29357KAC71,0.067837,9.750,6201015.625000,6/1/2021,,,
PINNACLE ENTERTAINMENT I 6.375 08/01/2021,US723456AS87,0.067704,6.375,6188934.618750,8/1/2021,,,
CRESTWOOD MIDSTREAM PART 6 12/15/2020,US226373AJ74,0.067410,6.000,6162058.333333,12/15/2020,,,
WYNN LAS VEGAS LLC/CORP 4.25 05/30/2023,US983130AU95,0.067290,4.250,6151028.611111,5/30/2023,,,
KINDRED HEALTHCARE INC 6.375 04/15/2022,US494580AD57,0.067188,6.375,6141753.177083,4/15/2022,,,
WINDSTREAM SERVICES LLC 6.375 08/01/2023,US97381WAZ77,0.067182,6.375,6141159.687500,8/1/2023,,,
HUNTINGTON INGALLS INDUS 5 11/15/2025,US446413AH98,0.067128,5.000,6136244.444444,11/15/2025,,,
ACC INDU BO/ACC INDU LLC 7.75 12/15/2020,US828326AA66,0.066758,7.750,6102443.263889,12/15/2020,,,
GUITAR CENTER INC 6.5 04/15/2019,US402040AH27,0.066367,6.500,6066663.888889,4/15/2019,,,
TRANSOCEAN INC 3 10/15/2017,US893830BD08,0.066337,3.000,6063968.166667,10/15/2017,,,
SUBURBAN PROPANE PARTNRS 5.5 06/01/2024,US864486AH86,0.066299,5.500,6060462.541667,6/1/2024,,,
JMC STEEL GROUP INC 8.25 03/15/2018,US47759YAA73,0.065760,8.250,6011156.250000,3/15/2018,,,
QEP RESOURCES INC 5.25 05/01/2023,US74733VAC46,0.065710,5.250,6006609.187500,5/1/2023,,,
NETFLIX INC 5.375 02/01/2021,US64110LAE65,0.065609,5.375,5997424.781250,2/1/2021,,,
NAVIOS MARITIME HLDS/FIN 7.375 01/15/2022,US639365AG06,0.064268,7.375,5874775.434028,1/15/2022,,,
ONEOK INC 4.25 02/01/2022,US682680AQ69,0.064252,4.250,5873375.375000,2/1/2022,,,
SCHAEFFLER FINANCE BV 4.25 05/15/2021,US806261AJ29,0.064038,4.250,5853747.395833,5/15/2021,,,
CEDAR FAIR LP/CANADA'S W 5.25 03/15/2021,US150191AF13,0.063947,5.250,5845460.312500,3/15/2021,,,
TMX FIN LLC/TITLEMAX FIN 8.5 09/15/2018,US87261NAG51,0.063668,8.500,5819932.847222,9/15/2018,,,
GATES GLOBAL LLC 6 07/15/2022,US36740PAA12,0.063403,6.000,5795764.166667,7/15/2022,,,
CRESTWOOD MIDSTREAM PART 6.25 04/01/2023,US226373AK48,0.063279,6.250,5784367.187500,4/1/2023,,,
RANGE RESOURCES CORP 5 08/15/2022,US75281AAN90,0.062940,5.000,5753401.388889,8/15/2022,,,
WINDSTREAM SERVICES LLC 7.75 10/15/2020,US97381WAN48,0.062519,7.750,5714917.444444,10/15/2020,,,
NIELSEN CO LUX SARL/THE 5.5 10/01/2021,US65410CAA80,0.062038,5.500,5670952.583333,10/1/2021,,,
SANCHEZ ENERGY CORP 6.125 01/15/2023,US79970YAD76,0.061791,6.125,5648365.989583,1/15/2023,,,
AVAYA INC 10.5 03/01/2021,US053499AJ89,0.061770,10.500,5646455.875000,3/1/2021,,,
ABC SUPPLY CO INC 5.625 04/15/2021,US024747AC12,0.061769,5.625,5646411.093750,4/15/2021,,,
CLAYTON WILLIAMS ENERGY 7.75 04/01/2019,US969490AE15,0.061629,7.750,5633597.333333,4/1/2019,,,
CENVEO CORP 6 08/01/2019,US15671BAK70,0.061350,6.000,5608063.500000,8/1/2019,,,
TARGA RESOURCES PARTNERS 4.25 11/15/2023,US87612BAP76,0.061335,4.250,5606704.166667,11/15/2023,,,
WPX ENERGY INC 6 01/15/2022,US98212BAD55,0.061006,6.000,5576631.666667,1/15/2022,,,
CONCHO RESOURCES INC 5.5 10/01/2022,US20605PAD33,0.060891,5.500,5566133.333333,10/1/2022,,,
CHEMOURS CO 7 05/15/2025,US163851AC28,0.060794,7.000,5557253.472222,5/15/2025,,,
CLIFFS NATURAL RESOURCES 8.25 03/31/2020,US18683KAH41,0.060468,8.250,5527483.958333,3/31/2020,,,
JUPITER RESOURCES INC 8.5 10/01/2022,US48207LAA17,0.060121,8.500,5495701.041667,10/1/2022,,,
WPX ENERGY INC 7.5 08/01/2020,US98212BAF04,0.059672,7.500,5454682.500000,8/1/2020,,,
CONCHO RESOURCES INC 7 01/15/2021,US20605PAB76,0.059239,7.000,5415061.805556,1/15/2021,,,
DCP MIDSTREAM LLC 4.75 09/30/2021,US23311RAE62,0.059182,4.750,5409909.027778,9/30/2021,,,
WPX ENERGY INC 5.25 09/15/2024,US98212BAE39,0.058980,5.250,5391465.416667,9/15/2024,,,
WYNN LAS VEGAS LLC/CORP 5.375 03/15/2022,US983130AT23,0.058634,5.375,5359769.479167,3/15/2022,,,
ACADIA HEALTHCARE CO INC 5.625 02/15/2023,US00404AAJ88,0.058031,5.625,5304656.250000,2/15/2023,,,
JOSEPH T RYERSON & SON I 9 10/15/2017,US78375RAB96,0.057923,9.000,5294771.250000,10/15/2017,,,
AVON PRODUCTS INC 6.35 03/15/2020,US054303AX02,0.057858,6.350,5288882.451389,3/15/2020,,,
ADVANCED MICRO DEVICES 6.75 03/01/2019,US007903AZ02,0.057839,6.750,5287083.437500,3/1/2019,,,
ISTAR INC 5 07/01/2019,US45031UBU43,0.057774,5.000,5281159.583333,7/1/2019,,,
WHITING PETROLEUM CORP 6.25 04/01/2023,US966387AP71,0.057708,6.250,5275156.250000,4/1/2023,,,
ALLEGHENY TECHNOLOGIES 7.625 08/15/2023,US01741RAF91,0.057574,7.625,5262863.923611,8/15/2023,,,
H&E EQUIPMENT SERVICES 7 09/01/2022,US404030AE85,0.057490,7.000,5255180.166667,9/1/2022,,,
WILLIAMS COMPANIES INC 5.75 06/24/2044,US969457BV14,0.057260,5.750,5234172.222222,6/24/2044,,,
FIRST QUANTUM MINERALS L 7.25 05/15/2022,US335934AH85,0.056731,7.250,5185794.097222,5/15/2022,,,
IHEARTCOMMUNICATIONS INC 9 09/15/2022,US45174HAA59,0.056558,9.000,5170000.000000,9/15/2022,,,
APX GROUP INC 8.75 12/01/2020,US00213MAD65,0.056126,8.750,5130531.562500,12/1/2020,,,
TRANSOCEAN INC 5.55 12/15/2016,US893830BA68,0.055583,5.550,5080898.062500,12/15/2016,,,
JURASSIC HOLDINGS III 6.875 02/15/2021,US48207WAA71,0.055310,6.875,5055959.548611,2/15/2021,,,
QEP RESOURCES INC 5.375 10/01/2022,US74733VAB62,0.055031,5.375,5030469.708333,10/1/2022,,,
MEG ENERGY CORP 6.375 01/30/2023,US552704AB48,0.054499,6.375,4981848.229167,1/30/2023,,,
THE MEN'S WEARHOUSE INC 7 07/01/2022,US587118AE09,0.054208,7.000,4955206.083333,7/1/2022,,,
DUPONT FABROS TECH LP 5.875 09/15/2021,US26613TAE01,0.053726,5.875,4911166.788194,9/15/2021,,,
TRANSOCEAN INC 4.55 10/15/2022,US893830BC25,0.053415,4.550,4882691.576389,10/15/2022,,,
TECK RESOURCES LIMITED 6.25 07/15/2041,US878742AW53,0.053141,6.250,4857671.875000,7/15/2041,,,
SANDRIDGE ENERGY INC 8.75 06/01/2020,US80007PAU30,0.053080,8.750,4852124.062500,6/1/2020,,,
SM ENERGY CO 6.125 11/15/2022,US78454LAK61,0.051978,6.125,4751380.156250,11/15/2022,,,
TULLOW OIL PLC 6 11/01/2020,US899415AA10,0.051520,6.000,4709463.500000,11/1/2020,,,
BOXER PARENT CO INC 9 10/15/2019,US103186AA06,0.048833,9.000,4463843.750000,10/15/2019,,,
TERVITA CORP 8 11/15/2018,US88156LAC46,0.048540,8.000,4437097.777778,11/15/2018,,,
ENERGY XXI GULF COAST IN 11 03/15/2020,US29276KAV35,0.046126,11.000,4216413.194444,3/15/2020,,,
MEG ENERGY CORP 6.5 03/15/2021,US552704AA64,0.044806,6.500,4095742.916667,3/15/2021,,,
TECK RESOURCES LIMITED 3.75 02/01/2023,US878742AY10,0.044747,3.750,4090342.500000,2/1/2023,,,
ALGECO SCOTSMAN GLOB FIN 10.75 10/15/2019,US01551UAB08,0.043981,10.750,4020344.791667,10/15/2019,,,
CONSOL ENERGY INC 8 04/01/2023,US20854PAN96,0.043520,8.000,3978178.333333,4/1/2023,,,
DRILL RIGS HLDS INC 6.5 10/01/2017,US262049AA72,0.043237,6.500,3952345.833333,10/1/2017,,,
SM ENERGY CO 5.625 06/01/2025,US78454LAL45,0.042084,5.625,3846967.187500,6/1/2025,,,
NORTHERN OIL AND GAS INC 8 06/01/2020,US665531AB54,0.042005,8.000,3839744.000000,6/1/2020,,,
BONANZA CREEK ENERGY INC 6.75 04/15/2021,US097793AB95,0.041873,6.750,3827645.625000,4/15/2021,,,
SS&C TECH HOLDINGS INC 5.875 07/15/2023,US78467JAA88,0.041822,5.875,3822983.402778,7/15/2023,,,
ENVISION HEALTHCARE CORP 5.125 07/01/2022,US29414DAA81,0.040789,5.125,3728560.062500,7/1/2022,,,
ATWOOD OCEANICS INC 6.5 02/01/2020,US050095AM05,0.040649,6.500,3715744.375000,2/1/2020,,,
HALCON RESOURCES CORP 8.625 02/01/2020,US40537QAH39,0.040551,8.625,3706793.125000,2/1/2020,,,
WISE METALS GROUP LLC/WI 8.75 12/15/2018,US977255AD06,0.040280,8.750,3682054.619444,12/15/2018,,,
JONES ENERGY HLDGS/FIN 6.75 04/01/2022,US48019TAB08,0.039235,6.750,3586505.312500,4/1/2022,,,
SANCHEZ ENERGY CORP 7.75 06/15/2021,US79970YAB11,0.038154,7.750,3487729.097222,6/15/2021,,,
TECK RESOURCES LIMITED 4.75 01/15/2022,US878742AV70,0.037830,4.750,3458116.319444,1/15/2022,,,
GULFPORT ENERGY CORP 7.75 11/01/2020,US402635AB24,0.036961,7.750,3378623.250000,11/1/2020,,,
WALTER INVESTMENT MGMT 7.875 12/15/2021,US93317WAC64,0.036286,7.875,3316900.000000,12/15/2021,,,
DENBURY RESOURCES INC 4.625 07/15/2023,US24823UAH14,0.035076,4.625,3206349.913194,7/15/2023,,,
SM ENERGY CO 5 01/15/2024,US78454LAH33,0.034747,5.000,3176292.777778,1/15/2024,,,
HALCON RESOURCES CORP 13 02/15/2022,US40537QAK67,0.034396,13.000,3144166.666667,2/15/2022,,,
VIZIENT INC 10.375 03/01/2024,US92856JAA88,0.033497,10.375,3061950.000000,3/1/2024,,,
CNH INDUSTRIAL CAPITAL L 3.625 04/15/2018,US12623EAF88,0.033327,3.625,3046492.361111,4/15/2018,,,
CHC HELICOPTER SA 9.25 10/15/2020,US12545DAB47,0.032883,9.250,3005878.156250,10/15/2020,,,
CGG SA 6.5 06/01/2021,US204384AB76,0.032620,6.500,2981799.083333,6/1/2021,,,
W & T OFFSHORE INC 8.5 06/15/2019,US92922PAC05,0.032408,8.500,2962451.527778,6/15/2019,,,
SELECT MEDICAL CORP 6.375 06/01/2021,US816196AQ29,0.032339,6.375,2956174.031250,6/1/2021,,,
GRAY TELEVISION INC 7.5 10/01/2020,US389375AG14,0.031835,7.500,2910103.125000,10/1/2020,,,
STONE ENERGY CORP 7.5 11/15/2022,US861642AM86,0.031705,7.500,2898164.166667,11/15/2022,,,
PACIFIC DRILLING SA 5.375 06/01/2020,US69419BAA35,0.031507,5.375,2880097.500000,6/1/2020,,,
ENQUEST PLC 7 04/15/2022,US29357JAA43,0.031160,7.000,2848350.694444,4/15/2022,,,
GULFMARK OFFSHORE INC 6.375 03/15/2022,US402629AG43,0.030601,6.375,2797240.468750,3/15/2022,,,
AMERICAN ENERGY/AEPB 7.125 11/01/2020,US02563LAB45,0.029736,7.125,2718191.093750,11/1/2020,,,
ECLIPSE RESOURCES CORP 8.875 07/15/2023,US27890GAA85,0.028801,8.875,2632747.395833,7/15/2023,,,
CUMULUS MEDIA HOLDINGS 7.75 05/01/2019,US23109BAA52,0.028051,7.750,2564208.937500,5/1/2019,,,
MURRAY ENERGY CORP 11.25 04/15/2021,US62704PAF09,0.027550,11.250,2518390.625000,4/15/2021,,,
DENBURY RESOURCES INC 5.5 05/01/2022,US247916AD13,0.027229,5.500,2489045.500000,5/1/2022,,,
ULTRA PETROLEUM CORP 6.125 10/01/2024,US903914AC30,0.026517,6.125,2423980.489583,10/1/2024,,,
MIDSTATES PETRO INC/LLC 10 06/01/2020,US59804VAG05,0.025755,10.000,2354320.833333,6/1/2020,,,
PACIFIC DRILLING V LTD 7.25 12/01/2017,US694184AA06,0.024302,7.250,2221478.541667,12/1/2017,,,
MEM PROD PART LP/FIN COR 7.625 05/01/2021,US586049AB40,0.024236,7.625,2215477.125000,5/1/2021,,,
CHINOS INTERMED HLDGS A 7.75 05/01/2019,US16961UAA43,0.024123,7.750,2205068.937500,5/1/2019,,,
COMSTOCK RESOURCES INC 10 03/15/2020,US205768AK03,0.023963,10.000,2190442.222222,3/15/2020,,,
AMERICAN ENERGY/AEPB 7.375 11/01/2021,US02563LAC28,0.023629,7.375,2159927.187500,11/1/2021,,,
EP ENER/EVEREST ACQ FIN 6.375 06/15/2023,US268787AD07,0.021950,6.375,2006442.135417,6/15/2023,,,
PEABODY ENERGY CORP 10 03/15/2022,US704549AQ70,0.020887,10.000,1909344.444444,3/15/2022,,,
BREITBURN ENER/BREIT FIN 7.875 04/15/2022,US106777AD76,0.020577,7.875,1880969.531250,4/15/2022,,,
PEABODY ENERGY CORP 6 11/15/2018,US704549AK01,0.019135,6.000,1749106.666667,11/15/2018,,,
PENN VIRGINIA CORP 8.5 05/01/2020,US707882AE64,0.017413,8.500,1591749.250000,5/1/2020,,,
CHESAPEAKE ENERGY CORP 6.125 02/15/2021,US165167CG00,0.014421,6.125,1318194.444444,2/15/2021,,,
VANGUARD NAT RES/VNR FIN 7.875 04/01/2020,US92205CAA18,0.013765,7.875,1258302.468750,4/1/2020,,,
PARAGON OFFSHORE PLC 7.25 08/15/2024,US69913JAB52,0.012886,7.250,1177888.368056,8/15/2024,,,
PEABODY ENERGY CORP 6.25 11/15/2021,US704549AM66,0.012714,6.250,1162200.000000,11/15/2021,,,
CLIFFS NATURAL RESOURCES 7.75 03/31/2020,US18683KAG67,0.012388,7.750,1132427.500000,3/31/2020,,,
KEY ENERGY SERVICES INC 6.75 03/01/2021,US492914AS51,0.011713,6.750,1070709.937500,3/1/2021,,,
LEGACY RESERVES/FINANCE 6.625 12/01/2021,US52471TAD90,0.011541,6.625,1054948.437500,12/1/2021,,,
FTS INTERNATIONAL INC 6.25 05/01/2022,US30283WAB00,0.010705,6.250,978565.625000,5/1/2022,,,
SEVENTY SEVEN OPERATING 6.625 11/15/2019,US165258AB07,0.010589,6.625,967943.888889,11/15/2019,,,
CALIFORNIA RESOURCES CRP 6 11/15/2024,US13057QAF46,0.010218,6.000,933997.500000,11/15/2024,,,
HERTZ CORP 5.875 10/15/2020,US428040CP20,0.010201,5.875,932442.152778,10/15/2020,,,
LINN ENERGY LLC/FIN CORP 12 12/15/2020,US536022AM84,0.009932,12.000,907866.666667,12/15/2020,,,
CHAPARRAL ENERGY INC 7.625 11/15/2022,US15942RAD17,0.009881,7.625,903233.038194,11/15/2022,,,
MALLINCKRODT INTERNATIONAL 4.75 04/15/2023,US561234AE52,0.009683,4.750,885173.611111,4/15/2023,,,
LINN ENERGY LLC/FIN CORP 6.25 11/01/2019,US536022AJ55,0.008565,6.250,782945.625000,11/1/2019,,,
LINN ENERGY LLC/FIN CORP 6.5 05/15/2019,US536022AK29,0.007910,6.500,723106.805556,5/15/2019,,,
CHESAPEAKE ENERGY CORP 4.875 04/15/2022,US165167CN50,0.006370,4.875,582291.666667,4/15/2022,,,
JOY GLOBAL INC 5.125 10/15/2021,US481165AJ77,0.005846,5.125,534362.357639,10/15/2021,,,
CALIFORNIA RESOURCES CRP 5.5 09/15/2021,US13057QAD97,0.005564,5.500,508643.958333,9/15/2021,,,
ENERGY XXI GULF COAST IN 9.25 12/15/2017,US29276KAP66,0.003587,9.250,327856.215278,12/15/2017,,,
ENERGY XXI GULF COAST IN 6.875 03/15/2024,US29276KAU51,0.002772,6.875,253355.034722,3/15/2024,,,
ARCH COAL INC 7 06/15/2019,US039380AE02,0.001219,7.000,111412.500000,6/15/2019,,,
ARCH COAL INC 7.25 06/15/2021,US039380AG59,0.001209,7.250,110482.500000,6/15/2021,,,
"Performance quoted represents past performance, which is no guarantee of future results. Investment return and principal value will fluctuate, so you may have a gain or loss when shares are sold. Current performance may be higher or lower than that quoted. Visit www.spdrs.com for most recent month-end performance.",,,,,,,,
This material expires 20 days after the current quarter end,,,,,,,,
"This analysis or any portion thereof may not be revised or changed in any way, reprinted, sold or redistributed without the written consent of SSGA.",,,,,,,,
"Portfolio holdings, allocations and weightings are as of the date indicated, are subject to change and should not be considered a recommendation to buy individual securities. For most recent information visit www.spdrs.com.",,,,,,,,
Important Risk Information,,,,,,,,
"ETFs trade like stocks, are subject to investment risk, fluctuate in market value and may trade at prices above or below the ETFs net asset value. Brokerage commissions and ETF expenses will reduce returns.",,,,,,,,
"Standard & Poors®, S&P® and SPDR® are registered trademarks of Standard & Poors Financial Services LLC (S&P); Dow Jones is a registered trademark of Dow Jones Trademark Holdings LLC (Dow Jones); and these trademarks have been licensed for use by S&P Dow Jones Indices LLC (SPDJI) and sublicensed for certain purposes by State Street Corporation. State Street Corporations financial products are not sponsored, endorsed, sold or promoted by SPDJI, Dow Jones, S&P, their respective affiliates and third party licensors and none of such parties make any representation regarding the advisability of investing in such product(s) nor do they have any liability in relation thereto, including for any errors, omissions, or interruptions of any index.",,,,,,,,
"Distributor: State Street Global Markets, LLC, member FINRA, SIPC, a wholly owned subsidiary of State Street Corporation. References to State Street may include State Street Corporation and its affiliates. Certain State Street affiliates provide services and receive fees from the SPDR ETFs.",,,,,,,,
"Before investing, consider the funds' investment objectives, risks, charges and expenses. To obtain a prospectus or summary prospectus which contains this and other information, call 1-866-787-2257 or visit www.spdrs.com. Read it carefully.",,,,,,,,
IBG-14441,,,,,,,,
SPD898,,,,,,,,
